"Marker","W6511-1R","W9914-1R","Chrom","Position","W15267-81R","W15267-75R","W15267-203R","W15267-204R","W15267-212R","W15267-209R","W15267-111R","W15267-110R","W15267-24R","W15267-22R","W15267-21R","W15267-30R","W15267-20R","W15267-19R","W15267-105R","W15267-104R","W15267-17R","W15267-34R","W15267-102R","W15267-35R","W15267-16R","W15267-15R","W15267-101R","W15267-100R","W15267-37R","W15267-13R","W15267-38R","W15267-99R","W15267-98R","W15267-12R","W15267-11R","W15267-40R","W15267-97R","W15267-41R","W15267-10R","W15267-95R","W15267-43R","W15267-92R","W15267-45R","W15267-6R","W15267-46R","W15267-90R","W15267-3R","W15267-48R","W15267-89R","W15267-88R","W15267-2R","W15267-50R","W15267-87R","W15267-86R","W15267-51R","W15267-85R","W15267-84R","W15267-53R","W15267-54R","W15267-82R","W15267-55R","W15267-56R","W15267-80R","W15267-57R","W15267-79R","W15267-59R","W15267-60R","W15267-77R","W15267-61R","W15267-74R","W15267-73R","W15267-72R","W15267-62R","W15267-71R","W15267-70R","W15267-63R","W15267-64R","W15267-65R","W15267-66R","W15267-67R","W15267-201R","W15267-202R","W15267-200R","W15267-113R","W15267-114R","W15267-199R","W15267-205R","W15267-115R","W15267-116R","W15267-197R","W15267-207R","W15267-196R","W15267-117R","W15267-195R","W15267-193R","W15267-210R","W15267-192R","W15267-121R","W15267-122R","W15267-213R","W15267-190R","W15267-189R","W15267-214R","W15267-126R","W15267-187R","W15267-216R","W15267-217R","W15267-186R","W15267-127R","W15267-218R","W15267-180R","W15267-129R","W15267-183R","W15267-220R","W15267-182R","W15267-131R","W15267-132R","W15267-222R","W15267-223R","W15267-133R","W15267-224R","W15267-136R","W15267-177R","W15267-226R","W15267-227R","W15267-176R","W15267-137R","W15267-138R","W15267-174R","W15267-139R","W15267-140R","W15267-173R","W15267-172R","W15267-142R","W15267-171R","W15267-170R","W15267-143R","W15267-145R","W15267-146R","W15267-147R","W15267-148R","W15267-165R","W15267-164R","W15267-149R","W15267-150R","W15267-163R","W15267-162R","W15267-161R","W15267-160R","W15267-153R","W15267-154R","W15267-159R","W15267-155R","W15267-157R","W15267-26R","W15267-31R","W15267-32R","W15267-7R","W15267-93R"
"PotVar0097922",2,1,12,0.1922825,2,2,2,2,2,2,3,1,1,1,3,1,2,4,3,1,2,2,3,1,1,2,1,2,1,1,2,2,1,2,0,2,1,1,2,1,1,2,3,1,2,2,1,3,2,1,3,3,2,2,1,0,2,0,3,1,2,1,2,1,0,2,1,1,1,1,3,2,1,1,2,1,2,1,1,2,2,0,1,0,1,1,3,1,1,3,2,1,2,1,1,1,1,1,2,3,2,2,2,2,1,3,1,1,2,1,2,2,2,1,2,1,2,1,1,1,1,1,2,3,2,1,1,2,2,2,1,1,2,1,2,1,2,2,2,0,1,2,2,2,3,1,1,1,2,2,1,1,1,1,2,2,3,1,2
"PotVar0097926",2,1,12,0.19249,2,2,2,2,2,2,3,1,1,1,3,1,2,4,3,1,2,2,3,1,1,2,1,2,1,1,2,2,1,2,0,2,1,1,2,1,1,2,3,1,2,2,1,3,2,1,3,3,2,2,1,0,2,0,3,1,2,1,2,1,0,2,1,1,1,1,3,2,1,1,2,1,2,1,1,2,2,0,1,0,1,1,3,1,1,3,2,1,2,1,1,1,1,1,2,3,2,2,2,2,1,3,1,1,2,1,2,2,2,1,2,1,2,1,1,1,1,1,2,3,2,1,1,2,2,2,1,1,2,1,2,1,2,2,2,0,1,2,2,2,3,1,1,1,2,2,1,1,1,1,2,2,3,1,2
"PotVar0098023",2,3,12,0.19856624999999997,2,2,2,2,2,2,1,3,3,3,1,3,3,0,1,3,2,2,1,3,3,2,3,2,3,3,2,2,3,2,4,2,3,3,2,3,3,2,1,3,2,2,3,1,2,3,1,1,2,2,3,4,2,4,1,3,2,3,2,3,4,2,3,3,3,3,1,2,3,3,2,3,2,3,3,2,2,4,3,4,3,3,1,3,3,1,2,3,2,3,3,3,3,3,2,1,2,2,2,2,2,1,3,3,2,3,2,2,2,3,2,3,2,3,3,3,3,3,2,1,2,3,3,2,2,2,3,3,2,3,2,3,2,2,2,4,3,2,2,2,1,3,3,3,2,2,3,3,3,3,2,2,1,3,2
"solcap_snp_c2_24556",1,0,12,0.30583,1,0,1,0,0,0,1,2,1,1,1,1,1,1,1,0,1,0,2,0,0,0,1,1,0,1,1,1,1,1,0,1,0,0,1,1,0,0,1,0,0,1,0,1,0,0,1,1,1,1,0,0,1,0,1,1,1,0,1,0,0,1,1,1,1,0,0,1,1,1,1,1,0,0,0,1,0,0,0,0,0,0,1,0,0,1,1,1,1,0,0,1,0,0,0,1,1,0,1,1,0,1,0,0,1,0,0,1,1,0,0,0,1,0,0,0,1,1,1,1,1,0,0,0,0,0,0,1,1,0,0,0,1,1,1,0,0,1,1,0,1,0,1,0,0,0,0,1,1,1,1,0,1,1,1
"solcap_snp_c2_53631",1,0,12,0.943085,1,0,1,0,0,0,1,1,1,1,1,1,1,1,1,0,1,0,2,0,0,0,1,1,0,1,1,2,1,1,0,1,0,0,1,1,0,0,1,0,0,1,0,1,0,0,1,1,1,1,0,0,1,0,1,1,1,0,1,0,0,1,1,1,1,0,0,1,1,1,1,1,0,0,0,1,0,0,0,0,0,0,1,0,0,1,1,1,1,0,0,1,0,0,0,1,1,0,1,1,0,1,1,0,1,0,0,1,1,0,0,0,1,0,0,0,1,1,1,1,1,0,0,0,0,0,0,1,1,0,0,0,1,1,2,0,0,1,1,0,1,0,1,0,0,0,0,1,1,1,1,0,1,1,1
"PotVar0053574",3,4,12,1.8869162499999999,4,4,4,3,3,4,4,3,4,3,4,4,3,4,4,3,3,3,4,3,3,3,3,4,4,4,3,4,3,3,3,4,4,3,4,3,4,3,4,4,4,3,3,3,3,3,4,4,4,4,3,4,4,3,4,3,3,3,4,3,3,3,3,4,3,3,4,4,3,4,4,3,3,4,3,4,3,3,3,4,3,3,4,3,3,4,4,4,3,3,4,3,4,3,4,4,3,3,3,4,4,4,4,3,3,4,4,4,4,4,3,3,4,4,4,4,3,4,4,4,4,4,3,4,4,4,3,4,3,4,4,3,4,4,4,3,4,3,3,3,3,3,3,3,4,3,4,4,4,3,4,3,4,4,3
"PotVar0053642",1,1,12,2.352595,1,2,1,2,1,2,2,0,0,0,2,0,1,2,2,1,1,2,1,1,1,2,0,1,1,0,1,1,0,1,1,1,1,1,1,0,1,2,2,1,2,1,1,0,2,1,1,3,1,1,1,1,1,1,2,0,1,1,2,1,0,1,0,0,0,1,3,1,0,0,1,0,1,1,1,1,2,0,2,0,0,1,2,1,1,2,1,0,1,1,1,0,1,1,2,1,1,1,1,1,1,2,1,1,1,1,2,1,1,2,2,1,1,1,1,1,0,0,2,2,1,1,1,2,2,2,1,0,1,0,2,1,1,1,1,0,1,1,1,1,2,1,0,1,2,2,1,1,1,0,1,2,2,0,1
"solcap_snp_c2_16200",3,4,12,2.3532775,4,4,4,3,3,4,4,3,4,3,4,4,3,4,4,3,3,3,4,3,3,3,3,4,4,4,3,4,3,3,3,4,4,3,4,3,4,3,4,4,4,3,3,3,3,3,4,4,4,4,3,4,4,3,4,3,3,3,3,3,3,3,3,4,3,3,4,4,3,4,4,3,3,4,3,4,3,3,3,4,3,3,4,3,3,4,4,4,3,3,4,3,4,3,4,4,3,3,3,4,4,4,4,3,3,4,4,4,4,4,3,3,4,4,4,4,3,4,4,4,4,4,3,4,4,4,3,4,3,4,4,3,4,4,4,3,4,3,3,3,3,3,3,3,4,3,4,4,4,3,4,3,4,4,3
"PotVar0053672",3,4,12,2.35369,4,4,4,3,3,4,4,3,4,3,4,4,3,4,4,3,3,3,4,3,3,3,3,4,4,4,3,4,3,3,3,4,4,3,4,3,4,3,4,4,4,3,3,3,3,3,4,4,4,4,3,4,4,3,4,3,3,3,4,3,3,3,3,4,3,3,4,4,3,4,4,3,3,4,3,4,3,3,3,4,3,3,4,3,3,4,4,4,3,3,4,3,4,3,4,4,3,3,3,4,4,4,4,3,3,4,4,4,4,4,3,3,4,4,4,4,3,4,4,4,4,4,3,4,4,4,3,4,3,4,4,3,4,4,4,3,4,3,3,3,3,3,3,3,4,3,4,4,4,3,4,3,4,4,3
"solcap_snp_c2_16169",3,4,12,2.4657,4,4,4,3,3,4,4,3,4,3,4,4,3,4,4,3,3,3,4,3,3,3,3,4,4,4,3,4,3,3,3,4,4,3,4,3,4,3,4,4,4,3,3,3,3,3,4,4,4,4,3,4,4,3,4,3,3,3,3,3,3,3,3,4,3,3,4,4,3,4,4,3,3,4,3,4,3,3,3,4,3,3,4,3,3,4,4,4,3,3,4,3,4,3,4,4,3,3,3,4,4,4,4,3,3,4,4,4,4,4,3,3,4,4,4,4,3,4,4,4,4,4,3,3,4,4,3,4,3,4,4,3,4,4,4,3,4,3,3,3,3,3,3,3,4,3,4,4,4,3,4,3,4,4,3
"PotVar0053703",3,3,12,2.74985125,3,3,2,4,3,3,4,4,2,3,3,2,3,4,3,4,3,4,3,3,3,3,4,3,3,2,3,3,4,4,3,4,2,3,3,3,2,4,4,2,3,3,4,3,4,3,3,3,2,3,4,3,3,2,4,3,3,3,4,3,2,4,3,2,3,3,3,3,3,2,3,4,4,3,2,3,4,2,3,2,3,4,3,3,3,4,3,2,3,4,2,3,2,4,3,3,4,3,4,3,2,4,4,2,4,2,3,2,4,3,3,3,3,2,2,3,3,3,4,4,3,2,4,3,3,3,2,2,3,2,3,2,3,3,3,2,2,4,4,3,4,3,4,3,2,4,3,4,3,2,2,4,4,2,4
"PotVar0053721",3,3,12,2.7501499999999997,3,2,3,2,3,2,3,4,4,4,2,4,3,2,2,3,3,2,3,3,3,2,4,3,3,4,3,3,4,3,3,3,3,3,3,4,3,2,2,3,2,3,3,4,2,4,3,2,3,3,3,3,3,3,2,4,3,3,3,3,4,3,4,4,4,3,1,3,4,4,3,4,3,3,3,3,2,4,3,4,4,3,2,3,4,2,3,4,3,3,3,4,3,3,2,3,3,3,3,3,3,3,3,3,3,3,2,3,3,2,3,3,3,3,3,3,4,4,2,2,3,3,3,2,2,2,3,4,3,4,2,3,3,3,3,4,3,3,3,3,2,3,4,3,2,2,2,3,3,4,3,2,2,4,3
"PotVar0053745",3,2,12,2.7509675,2,3,4,2,2,3,2,1,3,2,4,3,3,3,4,1,3,2,3,2,2,3,1,3,2,3,3,3,2,2,2,2,3,2,3,2,3,2,3,2,3,3,1,2,2,2,3,3,4,3,1,2,3,3,2,2,3,3,3,2,2,2,2,3,2,2,4,3,2,3,3,1,2,2,3,3,2,2,3,2,2,2,4,2,2,3,3,3,3,2,3,2,3,1,3,3,2,2,2,3,2,2,2,3,2,3,3,4,2,3,2,2,3,3,3,2,2,2,3,3,3,3,1,3,3,3,3,3,3,3,3,3,3,3,3,2,3,2,2,2,3,2,1,3,4,2,3,2,3,2,4,3,3,3,3
"PotVar0053748",3,2,12,2.7510437499999996,2,3,4,2,2,3,2,1,3,2,4,3,2,3,4,1,3,2,3,2,2,3,1,3,2,3,3,3,1,2,2,2,3,2,3,2,3,2,3,2,3,3,1,2,2,2,3,3,4,3,1,2,3,3,2,2,3,3,3,2,2,2,2,3,2,2,4,3,2,3,3,1,2,2,3,3,2,2,3,2,2,1,4,2,2,3,3,3,3,1,3,2,3,1,3,3,2,2,2,3,2,2,2,3,2,3,3,4,2,3,2,2,3,3,3,2,2,2,3,3,3,3,1,2,3,3,3,3,3,3,3,3,3,3,3,2,3,2,2,2,3,2,1,3,4,2,3,2,3,2,4,2,3,3,2
"PotVar0053843",3,2,12,3.1041174999999996,2,3,4,2,2,3,2,1,3,2,4,3,3,3,4,1,3,2,3,2,2,3,1,3,2,3,3,3,2,2,3,2,3,2,3,2,3,2,3,3,3,3,1,2,2,2,3,3,4,3,1,2,3,3,2,2,3,3,3,3,2,3,2,3,2,2,4,3,2,3,3,1,2,2,3,3,2,3,3,2,2,1,4,2,2,3,3,3,3,1,3,2,3,2,3,3,2,2,2,3,2,3,2,3,2,3,3,4,2,3,2,2,3,3,3,2,2,2,3,3,3,3,1,2,3,3,3,3,3,3,3,3,3,3,3,3,3,2,2,2,3,3,1,3,4,2,3,2,3,2,4,3,3,3,2
"PotVar0053857",1,1,12,3.1043874999999996,0,1,1,1,1,1,2,1,1,1,2,1,1,2,2,0,1,1,2,1,1,1,1,2,0,1,1,1,0,2,0,1,0,1,1,1,0,1,2,0,1,2,0,1,1,1,2,1,2,2,0,0,2,1,1,1,2,2,2,1,0,2,1,1,1,0,2,1,1,1,2,1,1,0,1,2,1,1,1,0,1,0,2,1,1,2,1,1,2,0,0,2,0,1,1,1,2,1,2,1,0,1,1,1,2,0,1,2,1,1,0,1,2,1,0,0,1,1,2,2,2,0,0,1,1,1,1,1,2,1,1,1,1,1,1,1,0,2,2,1,2,1,1,2,1,1,1,1,1,0,2,1,2,1,2
"solcap_snp_c2_39741",2,1,12,3.3930499999999997,2,2,2,1,1,2,0,0,2,1,2,2,0,1,2,1,1,1,1,1,1,2,0,1,2,2,1,2,0,0,2,1,3,1,1,1,3,1,1,2,2,1,1,1,1,1,1,2,2,1,1,2,1,2,1,1,1,1,2,2,2,1,1,2,1,2,2,2,1,2,1,0,1,2,2,1,1,2,2,2,1,1,2,1,1,1,2,2,1,1,3,0,3,1,2,2,0,1,0,2,2,2,1,2,0,3,2,2,1,2,2,1,1,2,2,1,1,1,1,1,1,3,1,2,2,2,2,3,1,2,2,2,2,2,2,2,3,0,0,1,0,1,0,1,3,1,2,1,2,2,2,1,1,2,0
"solcap_snp_c2_55020",2,3,12,3.6900999999999997,2,2,2,3,3,2,4,4,2,3,2,2,4,3,2,3,3,3,3,3,3,2,4,3,2,2,3,2,4,4,2,3,1,3,3,3,1,3,3,2,2,3,3,3,3,3,3,2,2,3,3,2,3,2,3,3,3,3,2,2,2,3,3,2,3,2,2,2,3,2,3,4,3,2,2,3,3,2,3,2,3,3,2,3,3,3,2,2,3,3,1,4,1,3,2,2,4,3,4,2,2,2,3,2,4,1,2,2,3,2,2,3,3,2,2,3,3,3,3,3,3,1,3,2,2,2,2,1,3,2,2,2,2,2,2,2,1,4,4,3,4,3,4,3,1,3,2,3,2,2,2,3,3,2,4
"PotVar0030948",2,2,12,3.8595412499999995,2,2,4,1,2,2,2,1,3,2,3,3,1,2,3,0,3,1,3,2,2,2,1,3,1,3,2,2,1,2,1,1,2,2,3,2,2,1,2,2,2,3,0,2,2,2,3,2,4,3,0,1,3,3,1,2,3,3,2,3,2,3,2,3,2,2,3,2,3,3,3,1,1,1,3,3,2,3,2,2,2,0,3,2,2,2,2,3,3,0,2,2,2,1,2,2,2,2,2,2,2,2,2,3,2,2,2,4,1,2,1,2,3,3,2,1,2,2,2,3,3,2,0,2,2,2,3,2,3,3,2,3,2,2,2,3,2,2,2,2,3,2,1,3,3,1,2,1,2,2,4,1,2,3,2
"PotVar0030961",2,3,12,3.8596987499999997,2,2,2,3,3,2,4,4,2,3,2,2,4,3,2,3,3,3,3,3,3,2,4,3,2,2,2,2,4,4,2,3,1,3,3,3,1,3,3,2,2,3,3,3,2,3,3,2,2,3,2,2,3,1,3,3,3,3,2,2,2,3,3,2,3,2,2,2,2,2,3,4,2,2,2,3,3,2,2,2,3,3,2,3,3,3,2,2,3,3,1,4,1,3,2,2,4,3,4,2,2,2,3,2,4,1,2,2,2,2,2,3,2,2,2,2,3,3,3,3,3,1,3,2,2,2,2,1,3,2,2,2,2,2,2,2,1,4,4,3,4,2,4,3,1,3,2,3,2,2,2,3,3,2,4
"PotVar0030968",2,1,12,3.8598399999999997,2,2,2,2,2,2,0,0,2,1,2,2,1,1,2,1,1,1,1,1,1,2,0,1,2,2,1,2,0,0,2,1,3,1,1,1,3,1,1,2,2,1,1,1,2,1,1,2,2,1,1,2,1,3,1,1,1,1,2,2,2,1,1,2,1,2,2,2,2,2,1,0,2,2,2,1,1,2,2,2,1,1,2,1,1,1,2,2,1,1,3,0,3,2,2,2,0,1,0,2,2,2,1,2,0,3,2,2,2,2,2,1,1,2,2,1,1,1,1,1,1,3,1,2,2,2,2,3,1,2,2,2,2,2,2,2,3,0,0,1,0,1,0,1,3,1,2,1,2,2,2,1,1,2,0
"PotVar0031023",2,3,12,3.86064625,2,2,2,3,3,2,4,4,2,3,2,2,4,3,2,3,3,3,3,3,3,2,4,3,2,1,2,2,4,4,2,3,1,3,3,3,1,3,3,1,2,3,3,3,2,3,3,2,2,3,3,2,3,1,3,3,3,3,2,2,2,3,3,2,3,2,2,2,2,2,3,4,3,2,2,3,3,2,2,2,3,3,2,3,3,3,2,2,3,3,1,4,1,3,2,2,4,3,4,2,1,2,3,2,4,1,2,2,2,2,2,3,3,2,1,3,3,3,3,3,3,1,3,2,2,2,2,1,3,2,2,2,2,2,2,2,1,4,4,3,4,2,4,3,1,3,2,3,2,2,2,3,3,2,4
"PotVar0031036",1,2,12,3.86085625,2,1,1,2,2,1,2,3,1,2,0,1,2,1,0,3,1,2,1,2,2,1,3,1,2,1,1,1,3,2,1,2,1,2,1,2,1,2,1,1,1,1,2,2,1,2,1,1,0,1,3,2,1,0,2,2,1,1,1,1,2,1,2,1,2,1,0,1,1,1,1,3,2,2,1,1,2,1,1,2,2,3,0,2,2,1,1,1,1,3,1,2,1,2,1,1,3,2,2,1,1,1,1,1,3,1,1,0,2,1,2,2,1,1,1,2,2,2,1,1,1,1,3,1,1,1,1,1,1,1,1,1,1,1,1,1,1,2,2,2,1,1,3,1,0,2,1,2,1,2,0,2,1,1,2
"PotVar0031039",3,3,12,3.8609349999999996,4,3,3,3,3,3,2,3,3,3,3,3,2,2,2,4,2,3,2,3,3,3,3,2,4,3,3,3,3,2,4,3,4,3,2,3,4,3,2,4,3,2,4,3,3,3,2,3,2,2,4,4,2,3,3,3,2,2,3,3,4,2,3,3,3,4,2,3,3,3,2,3,3,4,3,3,3,3,3,4,3,4,3,3,3,2,3,3,3,4,4,2,4,3,3,3,2,3,2,3,4,3,2,3,2,4,3,2,3,3,4,3,2,3,3,4,3,3,2,2,2,4,4,3,3,3,3,4,2,3,3,3,3,3,3,3,4,2,2,3,1,3,3,2,3,3,3,3,3,4,3,3,2,3,2
"PotVar0031068",3,2,12,3.8613099999999996,2,3,4,2,2,3,2,1,3,2,4,3,2,3,4,1,3,2,3,2,2,3,1,3,2,3,3,3,1,2,3,2,3,3,3,2,3,2,3,3,3,3,1,2,3,2,3,3,4,3,1,2,3,4,2,2,3,3,3,3,2,3,2,3,2,2,4,3,3,3,3,1,2,2,3,3,2,3,3,2,2,2,4,2,2,3,3,3,3,1,3,2,3,2,3,3,2,2,2,3,3,3,3,3,2,3,3,4,2,3,2,2,3,3,3,2,2,2,3,3,3,3,1,3,3,3,3,3,3,3,3,3,3,3,3,3,3,2,2,2,3,3,1,3,4,2,3,2,3,2,4,2,3,3,2
"PotVar0031141",3,2,12,3.8623187499999996,2,3,3,2,2,3,2,1,3,2,4,3,2,3,4,1,3,2,3,2,2,3,1,3,2,3,3,3,1,2,2,2,3,2,3,2,3,2,3,2,3,3,1,2,3,2,3,3,4,3,1,2,3,4,2,2,3,3,3,3,2,3,2,3,2,2,4,3,3,3,3,1,2,2,3,3,2,3,3,2,2,1,4,2,2,3,3,3,3,1,3,2,3,2,3,3,2,2,2,3,3,3,3,3,2,3,3,4,2,3,2,2,3,3,3,1,2,2,3,3,3,3,1,3,3,3,3,3,3,3,3,3,3,3,3,3,3,2,2,2,3,2,1,3,4,2,3,2,3,2,4,2,3,3,2
"PotVar0031147",2,3,12,3.862405,2,2,2,3,3,2,4,4,2,3,2,2,4,3,2,3,3,3,3,3,3,2,4,3,2,2,2,2,4,4,2,3,1,3,3,3,1,3,3,1,2,3,3,3,2,3,3,2,2,3,3,2,3,1,3,3,3,3,2,2,2,3,3,2,3,2,2,2,2,2,3,4,3,2,2,3,3,2,2,2,3,3,2,3,3,3,2,2,3,3,1,4,1,3,2,2,4,3,4,2,1,2,3,2,4,1,2,2,2,2,2,3,3,2,2,2,3,3,3,3,3,1,3,2,2,2,2,1,3,2,2,2,2,2,2,2,1,4,4,3,4,3,4,3,1,3,2,3,2,2,2,3,3,2,4
"solcap_snp_c2_43774",2,3,12,3.862405,2,2,2,3,3,2,4,4,2,3,2,2,4,3,2,3,3,3,3,3,3,2,4,3,2,2,2,2,4,4,2,3,1,3,3,3,1,3,3,1,2,3,3,3,2,3,3,2,2,3,3,2,3,1,3,3,3,2,2,2,2,3,3,2,3,2,2,2,2,2,3,4,3,2,2,3,3,2,2,2,3,3,2,3,3,3,2,2,3,3,1,4,1,3,2,2,4,3,4,2,1,2,3,2,4,1,2,2,2,2,2,2,3,2,1,2,3,3,3,3,3,1,3,2,2,2,2,1,3,2,2,2,2,2,2,2,1,4,4,3,4,3,4,2,1,3,2,3,2,2,2,3,3,2,4
"PotVar0031194",3,3,12,3.8629662499999995,2,3,2,4,3,3,4,4,2,3,3,2,4,4,3,4,3,4,3,3,3,3,4,3,3,2,3,3,4,4,3,4,2,3,3,3,2,4,4,2,3,3,4,3,3,3,3,3,2,3,4,3,3,2,4,3,3,3,3,2,2,3,3,2,3,2,3,3,2,2,3,4,3,3,2,3,3,2,3,2,3,4,3,3,3,4,2,2,3,4,2,4,2,4,3,3,4,3,4,3,2,3,4,2,4,2,3,2,3,2,3,3,3,2,2,3,3,3,4,3,3,2,4,3,3,3,2,2,3,2,3,2,3,3,3,2,2,4,4,3,4,3,4,3,2,4,3,4,3,2,2,4,4,2,4
"PotVar0031523",3,3,12,3.9311612499999997,2,3,2,4,3,3,4,4,2,3,3,2,4,4,3,4,3,4,3,3,3,3,4,3,3,2,3,3,4,4,3,4,2,3,3,3,2,4,4,2,3,3,4,3,3,3,3,3,2,3,4,3,3,2,4,3,3,3,3,2,2,3,3,2,3,2,3,3,2,2,3,4,4,3,2,3,3,2,3,2,3,4,3,3,3,4,3,2,3,4,2,4,2,4,3,3,4,3,4,3,2,3,4,2,4,2,3,2,4,3,3,3,3,2,3,3,3,3,4,3,3,2,4,3,3,3,2,2,3,2,3,2,3,3,3,2,2,4,4,3,4,3,4,3,2,4,3,4,3,2,2,4,4,2,4
"PotVar0031560",3,2,12,3.9319987499999995,2,3,4,2,2,3,2,1,3,2,4,3,3,3,4,1,3,2,3,2,2,3,1,3,2,3,3,3,2,2,3,2,3,2,3,2,3,2,3,3,3,3,1,2,3,2,3,3,4,3,1,2,3,4,2,2,3,3,3,3,2,3,2,3,2,2,4,3,3,3,3,1,2,2,3,3,2,3,3,2,2,1,4,2,2,3,3,3,3,2,3,2,3,2,3,3,2,2,2,3,3,3,3,3,2,3,3,4,3,3,2,2,3,3,3,2,2,2,3,3,3,3,1,3,3,3,3,3,3,3,3,3,3,3,3,3,3,2,2,3,3,3,2,3,4,3,3,2,2,2,4,3,3,3,3
"PotVar0031644",1,1,12,3.9353899999999995,2,1,2,0,1,1,0,0,2,1,1,2,0,0,1,0,1,0,1,1,1,1,0,1,1,2,1,1,0,0,1,0,2,1,1,1,2,0,0,1,1,1,0,1,1,1,1,1,2,1,0,1,1,2,0,1,1,1,1,2,2,1,1,2,1,2,1,1,2,2,1,0,0,1,2,1,1,2,1,2,1,0,1,1,1,0,1,2,1,0,2,0,2,0,1,1,0,1,0,1,2,1,0,2,0,2,1,2,0,1,1,1,1,2,1,1,1,1,0,1,1,2,0,1,1,1,2,2,1,2,1,2,1,1,1,2,2,0,0,1,0,1,0,1,2,0,1,0,1,2,2,0,0,2,0
"PotVar0031664",3,2,12,3.93565125,2,3,4,2,2,3,2,1,3,2,4,3,3,3,4,1,3,2,3,2,2,3,1,3,2,3,3,3,1,2,2,2,3,2,3,2,3,2,3,2,3,3,1,2,3,2,3,3,4,3,1,2,3,4,2,2,3,3,3,3,2,3,2,3,2,2,4,3,3,3,3,1,2,2,3,3,2,3,3,2,2,2,4,2,2,3,3,3,3,1,3,2,3,2,3,3,2,2,2,3,2,3,3,3,2,3,3,4,2,3,2,2,3,3,3,1,2,2,3,3,3,3,1,3,3,3,3,3,3,3,3,3,3,3,3,3,3,2,2,2,3,2,1,3,4,3,3,2,2,2,4,3,3,3,2
"solcap_snp_c2_43789",2,1,12,3.9724187499999997,2,1,3,0,1,1,1,1,3,2,2,3,1,1,2,0,2,0,2,1,1,1,1,2,1,3,2,2,1,1,1,1,2,1,2,2,2,0,1,1,1,2,0,2,1,2,2,1,3,2,0,1,2,2,0,2,2,2,1,2,2,2,2,3,2,2,1,2,3,3,2,1,1,1,2,2,1,2,1,2,2,0,2,1,2,1,2,3,2,0,2,1,2,0,1,2,1,1,1,2,2,2,1,2,1,2,1,3,1,1,1,1,2,2,2,1,2,2,1,2,2,2,0,1,1,1,2,2,2,3,1,2,2,2,2,2,2,1,1,1,1,1,1,2,2,0,1,1,1,2,3,0,1,3,1
"PotVar0069155",2,0,12,4.3453462499999995,0,1,1,1,0,1,1,1,1,1,2,1,1,2,2,1,1,1,1,0,0,1,1,1,1,1,1,2,1,1,1,2,1,0,1,1,1,1,2,1,1,1,1,1,1,1,1,1,1,1,1,1,1,1,1,1,1,1,1,0,0,1,1,1,1,0,1,2,1,1,1,1,1,1,0,1,0,0,1,0,1,1,2,0,1,2,1,1,1,1,1,1,1,1,1,2,1,0,1,2,1,2,2,0,1,1,1,1,2,1,1,0,1,0,1,0,1,1,2,1,1,1,1,1,1,1,0,1,1,1,1,0,2,2,2,0,1,1,1,0,1,0,1,1,1,1,1,2,1,0,1,1,2,1,1
"PotVar0069120",1,2,12,4.34608375,2,2,3,1,2,2,1,0,2,1,2,2,1,1,2,0,2,1,2,2,2,2,0,2,1,2,3,2,0,1,1,0,2,2,2,1,2,1,1,2,2,2,0,1,2,1,2,2,3,2,0,1,2,3,1,1,2,2,2,3,2,2,1,2,1,2,3,1,2,2,2,0,1,1,3,2,2,3,2,2,1,0,2,2,1,1,1,2,2,0,2,1,2,1,2,1,1,2,1,1,2,1,1,2,1,2,2,3,1,2,1,2,2,3,2,1,1,2,1,2,2,2,0,2,2,2,3,2,2,2,2,3,1,1,1,3,2,1,1,2,2,2,2,2,3,1,2,0,1,2,3,1,1,2,1
"PotVar0068747",2,3,12,4.39507625,2,3,3,2,2,3,2,0,2,1,3,2,1,2,3,0,2,2,2,2,3,3,0,2,2,2,3,3,0,1,2,0,3,3,3,2,3,2,2,3,3,2,1,2,3,2,2,3,3,2,1,2,2,4,2,2,2,2,3,3,3,2,2,2,2,3,4,2,3,3,2,0,2,2,3,2,3,3,3,3,2,1,3,3,2,2,2,2,2,0,3,1,3,2,3,2,1,3,2,2,2,2,2,2,1,3,3,3,1,3,2,2,2,3,3,2,1,2,2,2,2,3,0,2,3,3,3,3,2,2,3,3,2,2,2,3,3,1,1,3,2,3,2,2,4,2,3,0,2,2,3,2,2,2,1
"PotVar0068461",3,2,12,4.4387912499999995,2,2,1,3,2,2,3,4,2,3,2,2,3,3,2,4,2,3,2,2,1,2,4,2,3,2,1,2,4,3,3,4,2,2,2,3,2,3,3,2,2,2,4,3,2,3,2,2,1,2,4,3,2,1,3,3,2,2,2,1,2,1,3,2,3,2,1,3,2,2,2,4,3,3,1,2,2,1,2,2,3,4,2,2,3,3,2,2,2,4,2,3,2,3,2,3,3,2,3,3,2,3,3,2,3,2,2,1,3,2,3,2,2,1,2,3,3,2,3,2,2,2,4,2,2,2,1,2,2,2,2,1,3,3,3,1,2,3,3,2,2,2,2,2,1,3,2,4,3,2,1,3,3,2,3
"solcap_snp_c2_27930",3,2,12,4.44194625,2,2,1,3,2,2,3,4,2,3,2,2,3,3,2,4,2,3,2,2,2,2,4,2,3,2,2,2,4,3,3,4,2,2,2,3,2,3,3,3,2,2,4,3,2,3,2,2,1,2,4,3,2,1,3,3,2,2,2,1,2,1,3,2,3,2,1,3,2,2,2,4,3,3,1,2,2,1,2,2,3,4,2,2,3,3,3,2,2,4,2,3,2,3,2,3,3,2,3,3,2,3,3,2,3,2,2,1,3,2,3,2,2,1,2,3,3,2,3,2,2,2,4,2,2,2,1,2,2,2,2,1,3,3,3,1,2,3,3,2,2,2,2,2,1,3,2,4,3,2,1,3,3,2,3
"solcap_snp_c2_28008",1,4,12,4.901877499999999,3,3,3,2,3,3,2,2,3,2,2,3,2,2,2,2,2,2,3,3,3,2,2,3,3,3,3,2,2,2,2,2,2,3,3,2,3,2,2,3,3,2,2,2,2,2,3,3,3,3,2,3,2,3,3,2,2,3,3,3,3,3,2,3,2,3,3,2,3,3,3,2,3,3,3,3,3,3,2,3,2,2,2,3,2,2,3,3,2,2,3,2,3,2,3,2,2,3,2,2,3,2,2,3,2,3,3,3,2,2,2,3,3,4,3,3,2,3,2,3,3,3,2,3,3,3,3,3,2,2,3,3,2,2,3,3,3,2,2,3,2,3,3,3,3,2,3,2,2,3,3,2,2,3,2
"solcap_snp_c1_8646",3,2,12,5.023312499999999,2,2,1,3,2,2,3,4,2,3,2,2,3,3,3,3,2,3,2,2,2,2,4,2,2,2,2,2,4,3,3,4,3,2,2,3,2,3,3,2,2,2,4,3,3,3,2,2,1,2,4,2,3,1,3,3,2,2,2,1,2,1,3,2,3,2,2,3,2,2,2,4,3,3,2,2,2,1,3,3,3,4,2,2,3,3,3,2,2,4,2,3,2,3,2,3,3,2,3,3,2,3,3,2,3,2,2,1,4,3,3,2,2,1,2,2,3,2,2,2,2,2,4,2,2,2,1,2,2,3,2,1,3,3,2,1,2,3,3,2,2,2,2,2,1,3,2,4,3,2,1,3,3,2,3
"PotVar0068388",1,3,12,5.4956625,3,2,2,1,2,2,1,2,3,2,1,3,1,1,2,2,1,1,2,3,2,1,2,2,2,3,1,1,2,1,2,2,2,2,2,2,3,1,1,3,2,1,2,2,2,2,2,1,2,2,2,3,1,2,1,1,1,1,2,2,3,2,2,3,2,3,2,2,3,2,2,2,1,3,1,2,2,2,1,2,2,2,1,1,1,1,2,3,1,2,3,1,3,1,2,2,1,2,1,2,3,2,1,2,1,3,1,2,2,1,2,2,2,2,2,3,2,3,1,2,2,3,2,2,2,2,2,3,1,2,2,2,2,2,3,2,3,1,1,2,0,2,3,2,2,1,2,2,2,2,2,1,1,3,1
"PotVar0068186",4,3,12,5.498783749999999,3,3,4,3,4,4,4,3,4,4,4,4,4,4,4,3,4,3,4,3,3,4,3,3,4,4,4,4,3,3,4,3,3,3,3,4,4,3,4,3,3,4,3,4,3,4,3,3,4,3,3,3,4,4,3,4,4,4,4,4,4,4,3,3,3,3,4,3,3,4,4,3,3,3,4,3,4,4,4,4,3,3,4,4,4,3,4,3,4,3,4,3,4,4,4,3,3,3,3,3,3,3,4,3,4,3,4,4,3,4,3,3,4,3,4,3,3,4,4,4,4,3,3,3,3,4,4,4,4,4,3,4,3,3,4,4,4,4,4,3,4,3,3,3,4,3,3,3,4,4,4,3,4,3,3
"solcap_snp_c2_50983",3,3,12,5.7902949999999995,3,3,2,2,2,3,2,3,4,3,3,4,2,2,4,3,2,1,3,3,2,2,2,3,3,4,2,3,3,2,3,4,3,2,3,3,4,2,3,4,3,3,3,3,3,3,2,1,3,3,3,4,2,3,1,2,2,2,2,2,3,3,2,4,2,3,3,4,4,4,3,2,2,4,2,3,2,3,2,4,3,3,2,2,3,2,4,4,2,3,4,1,4,2,3,3,1,2,1,4,4,3,3,2,2,4,2,3,3,2,3,2,2,2,3,3,3,4,2,3,3,4,3,3,3,3,2,4,2,3,3,2,4,4,4,2,4,2,2,2,1,2,4,3,3,2,3,4,3,3,4,2,3,4,2
"solcap_snp_c2_51003",1,2,12,5.830758749999999,2,1,2,0,2,2,1,1,3,2,1,2,1,1,2,1,1,0,2,2,1,1,1,1,2,3,1,1,1,0,2,1,1,1,1,2,3,0,1,2,1,1,1,2,1,2,1,0,2,1,1,2,1,2,0,1,1,1,2,2,3,2,0,2,1,2,2,1,2,3,2,1,1,2,1,1,2,2,1,3,1,1,1,2,2,0,2,2,1,1,3,0,3,1,2,1,0,1,0,1,2,1,1,1,1,2,1,2,1,1,2,1,2,2,2,2,1,3,1,2,2,2,1,1,1,2,2,3,1,2,1,2,1,1,3,2,3,1,1,1,0,1,2,1,2,0,1,1,2,2,3,0,1,2,0
"solcap_snp_c1_14952",2,3,12,5.8418125,3,2,4,2,4,3,3,2,3,3,2,2,3,3,2,2,3,2,3,3,3,3,2,2,3,3,3,2,2,2,3,1,2,3,2,3,3,2,2,2,2,2,2,3,2,3,2,2,3,2,2,2,3,3,2,3,3,3,4,4,4,3,2,2,2,3,3,1,2,3,3,2,2,2,3,2,4,3,2,3,2,2,2,4,3,1,2,2,3,2,3,2,3,3,2,2,2,3,2,1,2,2,2,3,3,2,3,3,1,3,3,3,3,3,3,3,2,3,2,3,3,2,2,2,2,3,4,3,3,3,2,4,1,1,3,4,3,3,3,3,3,3,2,2,3,2,2,1,3,3,3,2,2,2,2
"solcap_snp_c2_51000",3,3,12,5.841906249999999,3,3,2,2,2,3,2,3,4,3,3,4,2,2,4,3,2,2,3,3,2,2,3,3,3,4,2,3,3,2,3,4,3,2,3,3,4,2,3,4,3,3,3,3,3,3,3,2,3,3,3,4,2,3,2,2,2,2,2,2,3,3,2,4,3,3,3,4,4,4,3,3,2,4,2,3,2,3,3,4,3,3,3,2,3,3,4,4,2,3,4,2,4,2,3,3,2,2,2,4,4,3,3,2,2,4,2,3,3,2,3,2,3,3,3,3,3,4,3,3,3,4,3,3,3,3,2,4,2,3,3,2,4,4,4,2,4,2,2,2,1,2,4,3,3,2,3,4,3,3,4,2,3,4,2
"solcap_snp_c2_49199",2,3,12,6.1239275,3,2,4,2,4,3,3,2,3,3,2,2,3,3,2,2,2,2,3,3,3,3,2,2,3,3,3,2,2,2,3,1,2,3,2,3,3,2,2,2,2,2,2,3,2,3,2,2,3,2,2,2,3,3,2,3,3,3,4,4,4,3,2,2,2,3,3,1,2,3,3,2,2,2,3,2,4,3,2,3,2,2,2,4,3,1,2,2,3,2,3,2,3,3,2,2,2,3,2,1,2,2,2,3,3,2,3,3,2,3,3,3,3,3,3,3,2,3,2,3,3,2,2,2,2,3,4,3,3,3,2,4,1,1,3,4,3,3,3,3,3,3,2,2,3,2,2,1,3,3,3,3,2,2,2
"solcap_snp_c2_49209",2,3,12,6.133968749999999,3,2,4,2,4,3,3,2,3,3,2,2,3,3,2,2,3,2,3,3,3,3,2,2,3,3,3,2,2,2,3,1,2,3,2,3,3,2,2,2,2,2,2,3,2,3,2,2,3,2,2,2,3,3,2,3,3,3,4,4,4,3,2,2,2,3,3,1,2,3,3,2,2,2,3,2,4,3,2,3,2,2,2,4,3,1,2,2,3,2,3,2,3,3,2,2,2,3,2,1,2,2,2,3,3,2,3,3,2,3,3,3,3,3,3,3,2,3,2,3,3,2,2,2,2,3,4,3,3,3,2,4,1,1,3,4,3,3,3,3,3,3,2,2,3,2,2,1,3,3,3,3,2,2,2
"PotVar0132363",2,3,12,6.162848749999999,3,2,4,2,4,3,3,2,3,3,2,2,3,3,2,2,3,2,3,3,3,3,2,2,3,3,3,2,2,2,3,1,2,3,2,3,3,2,2,2,2,2,2,3,2,3,2,2,3,2,2,2,3,3,2,2,3,3,4,4,4,3,2,2,2,3,3,1,2,3,3,2,2,2,3,2,4,3,2,3,2,2,2,4,3,1,2,2,3,2,3,2,3,3,2,2,2,3,2,1,2,2,2,3,3,2,3,3,1,3,3,3,3,3,3,3,2,3,2,3,3,2,2,2,2,3,4,3,3,3,2,4,1,1,3,4,3,3,3,3,3,3,2,2,3,2,2,1,3,3,3,3,2,2,2
"solcap_snp_c2_49186",2,1,12,6.25479,1,2,1,2,0,1,1,2,1,1,2,2,1,1,2,2,1,1,1,1,1,1,2,2,1,1,1,2,2,2,1,3,2,1,2,1,1,2,2,1,2,2,2,1,2,1,2,2,1,2,2,2,1,1,2,2,1,1,0,0,0,1,2,2,2,1,1,3,2,1,1,2,2,2,1,2,0,1,2,1,2,2,2,0,1,3,2,2,1,2,1,2,1,1,2,2,2,1,2,3,2,2,2,1,1,2,1,1,2,1,1,1,1,1,1,1,2,1,2,1,1,2,2,2,2,1,0,1,1,1,2,0,3,3,1,0,1,1,1,1,1,1,2,2,1,2,2,3,1,1,1,1,2,2,2
"solcap_snp_c2_46299",3,2,12,6.573371249999999,2,3,2,4,2,2,3,3,1,2,3,2,2,3,2,3,3,4,2,2,3,3,3,3,2,1,3,3,3,4,2,3,3,3,3,2,1,4,3,1,3,3,3,2,3,2,3,4,2,3,3,2,3,2,4,3,3,2,2,2,1,2,4,2,3,2,2,3,2,1,2,3,3,2,3,3,2,2,3,1,3,3,3,2,2,4,2,2,3,3,2,4,1,3,3,3,4,3,4,3,1,3,3,3,3,2,3,2,3,3,2,3,2,2,2,2,3,1,3,2,2,2,3,3,3,2,2,1,3,2,3,2,3,3,1,2,1,3,3,3,4,3,2,3,2,4,3,3,2,2,1,3,3,2,4
"solcap_snp_c2_56677",2,2,12,7.323367499999999,2,1,1,0,2,2,2,2,4,3,2,3,1,1,3,1,3,0,3,2,1,1,2,2,2,3,1,2,2,0,1,2,1,2,2,3,3,0,2,2,1,2,1,2,1,3,2,0,3,2,1,2,2,2,0,2,2,3,2,2,3,3,1,3,2,2,2,2,3,4,3,2,0,2,1,1,2,2,2,3,2,1,2,2,4,1,3,3,2,1,2,1,3,1,2,2,1,1,1,3,2,2,2,1,2,2,1,3,2,0,2,1,3,2,2,2,2,4,2,3,2,2,1,1,1,2,3,3,2,3,1,2,2,2,3,2,3,2,2,1,0,1,3,2,2,0,1,2,2,2,4,1,2,3,1
"solcap_snp_c2_24674",4,3,12,7.825514999999999,3,3,4,3,4,4,4,3,4,4,4,3,4,4,4,3,4,3,4,3,3,4,3,3,4,4,4,4,3,3,4,3,3,3,3,4,4,3,4,3,3,4,3,3,3,4,3,3,4,3,3,3,4,4,3,4,4,4,4,4,4,4,3,3,3,3,4,3,3,4,4,3,3,3,4,3,4,4,4,4,3,3,4,4,4,3,4,3,4,3,4,3,4,4,4,3,3,3,3,3,3,3,4,3,4,3,4,4,3,3,3,3,4,3,4,3,3,4,4,4,4,3,3,3,3,4,4,4,4,4,3,4,3,3,4,4,4,4,4,3,4,3,3,3,4,3,3,3,4,4,4,4,4,3,3
"solcap_snp_c2_24650",0,1,12,7.9805512499999995,1,1,0,1,0,0,0,1,0,0,0,1,0,0,0,0,0,1,0,1,1,0,1,1,0,0,0,0,1,1,0,1,1,1,1,0,0,1,0,1,1,0,1,1,1,0,1,1,0,1,1,1,0,0,1,0,0,0,0,0,0,0,1,1,1,1,0,1,1,0,0,1,1,1,0,1,0,0,0,0,1,1,0,0,0,1,1,1,0,1,0,1,0,0,0,1,1,1,1,1,1,1,0,1,0,1,0,0,1,1,1,1,1,1,0,0,1,0,0,0,0,1,1,1,1,0,0,0,0,0,1,0,1,1,0,0,0,0,0,1,0,1,1,1,0,1,1,1,0,0,0,0,0,1,1
"solcap_snp_c1_7770",0,1,12,8.376288749999999,0,0,0,0,1,1,1,1,1,1,0,0,1,1,1,0,0,0,1,0,0,0,1,0,1,1,0,0,1,0,1,1,0,0,0,1,1,0,1,1,0,0,0,0,0,1,0,0,0,1,1,0,1,0,0,0,0,1,1,0,1,0,0,0,0,0,1,0,0,1,1,1,0,1,0,0,1,0,1,2,0,1,0,1,1,0,1,0,0,1,1,0,1,1,1,0,0,0,0,0,1,0,1,0,1,0,1,0,1,0,0,0,1,0,1,0,0,1,0,1,1,0,1,0,0,1,0,1,0,1,0,0,0,0,1,0,1,1,1,0,0,0,0,0,0,0,0,1,0,1,1,1,1,0,0
"solcap_snp_c1_15137",1,1,12,8.727991249999999,0,1,1,1,1,2,1,1,1,1,1,0,1,2,2,1,0,1,1,0,1,1,1,0,2,2,1,1,0,1,2,2,0,1,0,1,2,1,2,1,1,1,1,0,1,1,0,1,0,1,2,1,1,1,1,1,0,1,1,0,1,0,0,0,0,0,2,1,0,2,1,1,1,2,1,1,1,1,2,3,0,2,1,1,1,1,2,0,0,2,2,0,1,2,2,0,0,0,0,0,2,0,2,0,1,1,2,0,1,1,0,0,1,1,2,0,0,2,1,1,2,1,2,1,0,2,0,2,0,1,2,0,1,1,2,0,1,1,1,0,1,0,0,1,1,1,0,2,1,2,1,2,2,0,0
"solcap_snp_c2_34776",1,1,12,9.82939875,0,1,1,1,1,2,1,1,1,1,1,0,2,2,2,1,0,1,1,0,1,1,1,0,2,2,1,1,0,1,2,2,0,1,0,1,2,1,2,2,1,1,1,0,1,1,0,1,0,1,2,1,1,1,1,1,0,1,1,0,1,0,0,0,0,0,2,1,0,2,1,1,1,2,1,1,1,1,2,3,0,2,1,1,1,1,2,0,0,2,2,0,1,2,2,0,0,0,0,1,2,0,2,0,1,1,2,0,1,1,0,0,1,1,2,1,0,2,1,1,2,1,2,1,0,2,0,2,0,1,2,0,1,1,2,0,1,1,1,0,1,1,0,1,1,1,0,2,1,2,1,2,2,0,0
"solcap_snp_c2_34777",1,1,12,9.83746875,0,1,1,1,1,2,2,2,1,1,1,0,2,2,2,1,0,1,1,0,1,1,1,0,2,2,1,1,0,1,3,2,0,2,1,1,2,1,2,2,1,1,1,0,1,1,0,1,0,1,2,1,1,1,1,1,0,1,1,0,1,0,0,0,0,0,2,1,0,2,1,1,1,2,1,1,1,1,2,3,0,2,1,1,1,1,2,0,0,2,2,0,1,2,2,0,0,0,0,1,2,0,2,0,1,1,2,0,1,1,0,0,1,1,2,0,0,2,1,1,2,1,2,1,0,2,0,2,0,1,2,0,1,1,2,0,1,1,1,0,1,0,0,1,1,1,0,2,1,2,1,2,2,0,0
"solcap_snp_c2_34789",1,1,12,9.841311249999999,0,1,1,1,1,2,1,1,1,1,1,0,2,2,2,1,0,1,1,0,1,1,1,0,2,2,1,1,0,1,2,2,0,1,0,1,2,1,2,2,1,1,1,0,1,1,0,1,0,1,2,1,1,1,1,1,0,1,1,0,1,0,0,0,0,0,2,1,0,2,1,1,1,2,1,0,1,1,2,3,0,2,1,1,1,1,2,0,0,2,2,0,1,2,2,0,0,0,0,1,2,0,2,0,1,1,2,0,1,1,0,0,1,1,2,0,0,2,1,1,2,1,2,1,0,2,0,2,0,1,2,0,1,1,2,0,1,1,1,0,1,0,0,1,1,1,0,2,1,2,1,2,2,0,0
"PotVar0118853",3,3,12,10.037714999999999,3,3,3,3,4,4,3,2,3,3,3,2,2,4,3,4,4,3,3,3,3,4,2,2,4,3,3,3,2,3,3,2,2,3,2,3,4,3,3,3,2,3,3,2,3,3,2,3,3,2,3,3,3,4,3,3,3,3,4,4,4,3,2,2,3,3,4,2,2,3,3,2,3,3,3,3,4,4,3,4,2,3,2,4,3,2,2,2,3,3,4,2,3,4,3,2,2,2,3,2,3,2,3,3,3,3,4,3,3,3,3,2,3,3,4,3,2,4,3,3,4,3,4,3,3,4,3,4,3,3,3,4,2,2,4,4,3,3,3,3,4,3,3,2,4,3,2,2,4,4,3,4,4,2,2
"solcap_snp_c2_34807",3,3,12,10.038543749999999,3,3,3,3,4,4,3,2,3,3,3,2,3,4,3,4,4,3,3,3,3,4,2,2,4,3,3,3,2,3,3,2,2,3,2,3,4,3,3,3,2,3,3,2,3,3,2,3,3,2,3,3,3,4,3,3,3,3,4,4,4,3,2,2,3,3,4,2,2,3,3,2,3,3,3,3,4,4,3,4,2,3,2,4,3,2,2,2,3,3,4,2,3,4,3,2,2,2,3,2,3,2,3,3,3,3,4,3,3,3,3,2,3,3,4,3,2,4,3,3,4,3,4,3,3,4,3,4,3,3,3,4,2,2,4,4,3,3,3,3,4,3,3,2,4,3,2,2,4,4,3,4,4,2,2
"solcap_snp_c2_34762",1,1,12,10.079514999999999,1,1,1,1,0,0,1,2,1,1,1,2,1,0,1,0,0,1,1,1,1,0,2,1,0,1,1,1,2,1,1,2,2,1,2,1,0,1,1,1,2,1,1,2,1,1,2,1,1,2,1,1,1,0,1,1,1,1,0,0,0,1,2,2,1,1,0,2,2,1,1,2,1,1,1,1,0,0,1,0,1,1,2,0,1,2,2,2,1,1,0,2,1,0,1,2,2,2,1,2,1,2,1,1,1,1,0,1,1,1,1,2,1,1,0,1,2,0,1,1,0,1,0,1,1,0,1,0,1,1,1,0,2,2,0,0,1,1,1,1,0,1,1,2,0,1,2,2,0,0,1,0,0,2,2
"solcap_snp_c2_34781",4,3,12,10.37861875,4,4,4,4,3,3,3,3,3,3,4,4,3,3,3,4,4,4,3,4,4,4,3,4,3,3,4,4,4,4,3,3,4,4,4,3,3,4,3,3,4,4,4,4,4,3,4,4,4,3,3,4,3,4,4,4,4,3,3,4,3,4,4,4,4,4,3,4,4,3,3,3,4,3,4,4,3,4,3,2,4,3,4,3,3,4,3,4,4,3,3,4,4,3,3,4,4,4,4,3,3,4,3,4,3,4,3,4,4,4,4,4,3,4,3,4,4,3,4,3,3,4,3,4,4,3,4,3,4,3,3,4,4,4,3,4,3,3,3,4,4,4,4,4,4,4,4,3,4,3,3,3,3,4,4
"PotVar0118860",0,2,12,10.413324999999999,1,1,0,1,1,1,1,2,1,1,0,1,0,1,1,0,0,1,1,1,1,0,2,0,1,1,1,0,1,1,1,2,1,1,1,1,1,1,1,1,1,0,1,1,1,1,1,1,0,2,2,1,1,0,1,0,0,1,1,0,1,0,1,1,0,1,1,1,1,1,2,2,1,2,0,1,1,0,1,2,1,2,1,1,2,1,2,1,0,2,1,1,1,1,1,1,1,1,1,2,2,1,1,1,1,1,1,0,1,1,1,1,1,1,1,0,1,1,0,1,1,1,1,1,1,1,0,1,0,1,2,0,1,1,1,0,1,1,1,1,0,1,0,1,0,1,1,2,0,1,1,1,1,1,1
"solcap_snp_c1_10408",0,2,12,10.634034999999999,1,1,0,1,1,1,1,2,1,1,0,1,1,1,1,0,0,1,1,1,1,0,2,0,1,1,1,0,1,1,1,2,1,1,1,1,1,1,1,1,1,0,1,1,1,1,1,1,0,2,2,1,1,0,1,0,0,1,1,0,1,0,1,1,0,1,1,1,1,1,2,2,1,2,0,1,1,0,1,2,1,2,1,1,2,1,2,1,0,2,1,1,1,1,1,1,1,1,1,2,2,1,1,1,1,1,1,0,1,1,1,1,1,1,1,0,1,1,0,1,1,1,1,1,1,1,0,1,0,1,2,0,1,1,1,0,1,1,1,1,0,1,0,1,0,1,1,2,0,1,1,1,1,1,1
"solcap_snp_c2_34803",4,2,12,10.645891249999998,3,3,3,3,3,3,3,2,3,3,4,3,3,3,3,4,4,3,3,3,3,4,2,4,3,3,3,4,3,3,3,2,3,3,3,3,3,3,3,3,3,4,3,3,3,3,3,3,4,2,2,3,3,4,3,4,4,3,3,4,3,4,3,3,4,3,3,3,3,3,2,2,3,2,4,3,3,4,3,2,3,2,3,3,2,3,2,3,4,2,3,3,3,3,3,3,3,3,3,2,3,3,3,3,3,3,3,4,3,3,3,3,3,3,3,4,3,3,4,3,3,3,3,3,3,3,4,3,4,3,2,4,3,3,3,4,3,3,3,3,4,3,4,3,4,3,3,2,4,3,3,3,3,3,3
"solcap_snp_c1_10409",0,2,12,10.64694625,1,1,1,1,1,1,1,2,1,1,0,1,1,1,1,0,0,1,1,1,1,0,2,0,1,1,1,0,1,1,1,2,1,1,1,1,1,1,1,1,1,0,1,1,1,1,1,1,0,2,2,1,1,0,1,0,0,1,1,0,1,0,1,1,0,1,1,1,1,1,2,2,1,2,1,1,1,0,1,2,1,2,1,1,2,1,1,1,1,2,1,1,1,1,1,1,1,1,1,2,1,1,1,1,1,1,1,0,1,1,1,1,1,1,1,0,1,1,0,1,1,1,1,1,1,1,0,1,0,1,2,0,1,1,1,0,1,1,1,1,0,1,0,1,0,1,1,2,0,1,1,1,1,1,1
"solcap_snp_c2_53942",4,2,12,10.693876249999999,3,3,4,3,3,3,3,2,3,3,4,3,3,3,3,4,4,3,3,3,3,4,2,4,3,3,3,4,3,3,3,2,3,3,3,3,3,3,3,2,3,4,3,3,3,3,3,3,4,2,2,3,3,4,3,4,4,3,3,4,3,4,3,3,4,3,3,3,3,3,2,2,3,2,4,3,3,4,3,2,3,2,3,3,2,3,3,3,4,2,3,3,3,3,3,3,3,3,3,2,2,3,3,3,3,3,3,4,3,3,3,3,3,3,3,4,3,3,4,3,3,3,3,3,3,3,4,3,4,3,2,4,3,3,3,4,3,3,3,3,4,3,4,3,4,3,3,2,4,3,3,3,3,3,3
"solcap_snp_c2_53932",4,2,12,10.695034999999999,3,3,3,3,3,3,3,2,3,3,4,3,3,3,3,4,4,3,3,3,3,4,2,4,3,3,3,4,3,3,3,2,3,3,3,3,3,3,3,2,3,4,3,3,3,3,3,3,4,2,2,3,3,4,3,4,4,3,3,4,3,4,3,3,4,3,3,3,3,3,2,2,3,2,4,3,3,4,3,2,3,2,3,3,2,3,2,3,4,2,3,3,3,3,3,3,3,3,3,2,2,3,3,3,3,3,3,4,3,3,3,3,3,3,3,4,3,3,4,3,3,3,3,3,3,3,4,3,4,3,2,4,3,3,3,4,3,3,3,3,4,3,4,3,4,3,3,2,4,3,3,3,3,3,3
"solcap_snp_c2_53924",1,0,12,10.723743749999999,0,0,1,0,0,0,1,1,1,1,1,1,2,0,1,0,0,0,1,0,0,0,1,1,0,1,1,1,1,0,1,1,1,0,1,1,0,0,1,0,1,1,0,1,0,1,1,0,1,0,0,0,1,0,0,1,1,1,0,0,0,1,1,1,0,0,0,1,1,1,1,1,0,0,1,0,0,0,1,0,1,0,1,0,1,1,1,1,1,0,0,1,0,0,1,1,1,1,0,1,0,0,1,0,1,0,0,1,0,0,0,1,1,0,0,1,1,0,1,1,0,0,0,0,0,0,1,0,1,1,0,0,1,1,0,0,1,1,1,0,0,0,2,1,0,0,1,1,0,0,1,0,0,1,1
"solcap_snp_c2_48915",4,2,12,11.3897175,3,3,4,3,3,3,3,2,3,3,4,3,3,3,3,4,4,3,3,3,3,4,2,4,3,3,3,4,3,3,3,2,3,3,3,3,3,3,3,3,3,4,3,3,3,3,3,3,4,2,2,3,3,4,3,4,4,3,3,4,3,4,3,3,4,3,3,3,3,3,2,2,3,2,4,3,3,4,3,2,3,3,3,3,2,3,3,3,4,3,3,3,3,3,3,3,3,3,3,2,3,3,3,3,3,3,3,4,3,3,3,3,3,3,3,4,3,3,4,3,3,3,3,3,3,3,4,3,4,3,2,4,3,3,3,4,3,3,3,3,4,3,4,3,4,3,3,2,4,3,3,3,3,3,3
"solcap_snp_c2_48902",1,0,12,11.39984125,0,0,1,0,0,0,1,1,1,1,1,1,1,0,1,0,0,0,1,0,0,0,1,1,0,1,1,1,1,0,1,1,1,0,1,1,0,0,1,0,1,1,0,1,0,1,1,0,1,0,0,0,1,0,0,1,1,1,0,0,0,1,1,1,0,0,0,1,1,1,1,1,0,0,1,0,0,0,1,0,1,0,1,0,1,1,1,1,1,0,0,1,0,0,1,1,1,1,0,1,1,0,1,0,0,0,0,1,0,0,0,1,1,0,0,1,1,0,1,1,0,0,0,0,0,0,1,0,1,1,0,0,1,1,0,0,1,1,1,0,0,0,1,1,0,0,1,1,0,0,1,0,0,1,1
"solcap_snp_c2_48898",4,2,12,11.47721,3,3,4,3,3,3,3,2,3,3,4,3,3,3,3,4,4,3,3,3,3,4,2,4,3,3,3,4,3,3,3,2,3,3,3,3,3,3,3,2,3,4,3,3,3,3,3,3,4,2,2,3,3,4,3,4,4,3,3,4,3,4,3,3,4,3,3,3,3,3,2,2,3,2,4,3,3,4,3,2,3,2,3,3,2,3,2,3,4,2,3,3,3,3,3,3,3,3,3,2,2,3,3,3,3,3,3,4,3,3,3,3,3,3,3,4,3,3,4,3,3,3,3,3,3,3,4,3,4,3,2,4,3,3,3,4,3,3,3,3,4,3,4,3,4,3,3,2,4,3,3,3,3,3,4
"solcap_snp_c2_48892",4,2,12,11.48148625,3,3,4,3,3,3,3,2,3,3,4,3,3,3,3,4,4,3,3,3,3,4,2,4,3,3,3,4,3,3,3,2,3,3,3,3,3,3,3,2,3,4,3,3,3,3,3,3,4,2,2,3,3,4,3,4,4,3,3,4,3,4,3,3,4,3,3,3,3,3,2,2,3,2,4,3,3,4,3,2,3,2,3,3,2,3,2,3,4,2,3,3,3,3,3,3,3,3,3,2,2,3,3,3,3,3,3,4,3,3,3,3,3,3,3,4,3,3,4,3,3,3,3,3,3,3,4,3,4,3,2,4,3,3,3,4,3,3,3,3,4,3,4,3,4,3,3,2,4,3,3,3,3,3,4
"PotVar0027702",1,0,12,11.696253749999999,0,0,1,0,0,0,1,2,1,1,1,1,1,0,1,0,0,0,1,0,0,0,1,1,0,1,1,1,1,0,1,1,1,0,1,1,0,0,1,0,1,1,0,1,0,1,1,0,1,0,0,0,1,0,0,1,1,1,0,0,0,1,1,1,0,0,0,1,1,1,1,1,0,0,1,0,0,0,1,0,1,0,1,0,1,1,1,1,1,0,0,1,0,0,1,1,1,1,0,1,1,0,1,0,0,0,0,1,0,0,0,1,1,0,0,1,1,0,1,1,0,0,0,0,0,0,1,0,1,1,0,0,1,1,0,0,1,1,1,0,0,0,1,1,0,0,1,1,0,0,1,0,0,1,1
"solcap_snp_c2_53246",1,0,12,11.696253749999999,0,0,1,0,0,0,1,1,1,1,1,1,1,0,1,0,0,0,1,0,0,0,1,1,0,1,1,1,1,0,1,1,1,0,1,1,0,0,1,0,1,1,0,1,0,1,1,0,1,0,0,0,1,0,0,1,1,1,0,0,0,1,1,1,0,0,0,1,1,1,1,1,0,0,1,0,0,0,1,0,1,0,1,0,1,1,1,1,1,0,0,1,0,0,1,1,1,1,0,1,1,0,1,0,0,0,0,1,0,0,0,1,1,0,0,1,1,0,1,1,0,0,0,0,0,0,1,0,1,1,0,0,1,1,0,0,1,1,1,0,0,0,1,1,0,0,1,1,0,0,1,0,0,1,1
"solcap_snp_c2_53244",1,2,12,11.697192499999998,2,2,1,2,2,1,2,3,1,2,0,1,1,2,1,1,1,1,1,2,2,1,3,0,1,1,1,0,2,2,1,2,2,2,1,2,1,2,1,1,1,0,1,2,2,2,1,2,0,2,3,1,2,0,2,0,0,2,2,1,2,0,2,1,1,2,1,1,1,1,2,3,2,2,1,2,2,0,1,1,2,3,1,2,2,1,2,1,1,3,1,2,1,2,1,2,2,2,2,2,2,2,1,2,2,1,2,0,2,2,2,2,1,1,2,1,2,1,0,1,1,1,2,1,2,1,0,1,1,2,2,1,1,1,1,1,1,2,2,2,1,2,0,1,0,2,1,2,1,1,1,2,1,1,1
"solcap_snp_c2_54917",3,2,12,11.729885,2,3,3,2,2,3,2,1,3,2,4,3,3,2,3,3,3,3,3,2,2,3,1,4,3,3,3,4,2,2,3,2,2,2,3,2,3,2,3,3,3,4,3,2,2,2,3,2,4,1,1,3,2,4,2,4,4,2,2,3,2,4,2,3,3,2,3,3,3,3,2,1,2,2,3,2,2,4,3,3,2,1,3,2,2,3,2,3,3,1,3,2,3,2,3,2,2,2,2,2,2,2,3,2,2,3,2,4,2,2,2,2,3,3,3,3,2,3,4,3,3,3,2,3,2,3,4,3,3,2,2,3,3,3,3,3,3,2,2,2,3,3,4,3,4,2,3,2,3,3,3,2,3,3,3
"solcap_snp_c2_3215",3,2,12,11.833725,2,3,4,2,2,3,2,1,2,2,4,3,3,2,3,3,3,3,3,2,2,3,1,4,3,3,3,4,3,2,3,2,2,3,3,2,3,2,3,3,3,4,3,2,2,2,3,2,4,1,1,3,2,4,2,4,4,2,3,3,2,4,2,3,3,2,3,3,3,3,2,1,2,2,4,2,2,4,3,3,3,1,3,2,2,3,3,3,3,1,3,2,3,2,3,2,2,2,2,2,3,2,3,2,2,3,2,4,2,2,2,2,3,3,3,3,2,3,4,3,3,3,2,3,2,3,4,3,3,2,2,3,3,3,3,3,3,2,2,2,3,2,4,3,4,2,3,2,3,3,3,2,3,3,3
"PotVar0027747",3,2,12,11.897564999999998,2,3,3,2,2,3,2,1,2,2,4,3,3,2,3,3,3,3,3,2,2,3,1,4,3,3,3,4,2,2,3,2,2,2,3,2,3,2,3,2,3,4,3,2,2,2,3,2,4,1,1,3,2,4,2,4,4,2,2,3,2,4,2,3,3,2,3,3,3,3,2,1,2,2,3,2,2,4,3,3,2,1,3,2,2,3,2,3,3,1,3,2,3,2,3,2,2,2,2,2,2,2,3,2,2,3,2,4,2,2,2,2,3,3,3,3,2,3,3,3,3,3,2,3,2,3,4,3,3,2,2,3,3,3,3,3,3,2,2,2,3,2,4,3,4,2,3,2,3,3,3,2,3,3,3
"solcap_snp_c2_3186",3,2,12,11.897564999999998,2,3,3,2,2,3,2,1,2,2,4,3,3,2,3,3,3,3,3,2,2,3,1,4,3,3,3,4,2,2,3,2,2,2,3,2,3,2,3,2,3,4,3,2,2,2,3,2,4,1,1,3,2,4,2,4,4,2,2,3,2,4,2,3,3,2,3,3,3,3,2,1,2,2,3,2,2,4,3,3,2,1,3,2,2,3,2,3,3,1,3,2,3,2,3,2,2,2,2,2,2,2,3,2,2,3,2,4,2,2,2,2,3,3,3,3,2,3,3,3,3,3,2,3,2,3,4,3,3,2,2,3,3,3,3,3,3,2,2,2,3,3,4,3,4,2,3,2,3,3,3,2,3,3,3
"solcap_snp_c2_3185",3,2,12,11.897583749999999,2,3,4,2,2,3,2,1,2,2,4,3,3,2,3,3,3,3,3,2,2,3,1,4,3,3,3,4,2,2,3,2,2,2,3,2,3,2,3,2,3,4,3,2,2,2,3,2,4,1,1,3,2,4,2,4,4,2,2,3,2,4,2,3,3,2,3,3,3,3,2,1,2,2,3,2,2,4,3,3,2,1,3,2,2,3,2,3,3,1,3,2,3,2,3,2,2,2,2,2,2,2,3,2,2,3,2,4,2,2,2,2,3,3,3,3,2,3,3,3,3,3,2,3,2,3,4,3,3,2,2,3,3,3,3,3,3,2,2,2,3,3,4,3,4,2,3,2,3,3,3,2,3,3,3
"PotVar0027759",1,2,12,11.8977475,2,1,1,2,2,1,2,3,2,2,0,1,1,2,1,1,1,1,1,2,2,1,3,0,1,1,1,0,2,2,1,2,2,2,1,1,1,2,1,1,1,0,1,2,2,2,1,2,0,3,3,1,2,0,2,0,0,2,2,1,2,0,2,1,1,2,1,1,1,1,2,3,2,2,1,2,2,0,1,1,2,3,1,2,2,1,2,1,1,3,1,2,1,2,1,2,2,2,2,2,2,2,1,2,2,1,2,0,2,2,2,2,1,1,1,1,2,1,1,1,1,1,2,1,2,1,0,1,1,2,2,1,1,1,1,1,1,2,2,2,1,2,0,1,0,2,1,2,1,1,1,2,1,1,1
"PotVar0027783",3,2,12,11.898164999999999,2,2,2,3,2,2,3,4,3,3,2,2,3,2,3,2,1,2,2,2,3,2,4,1,2,3,3,2,3,3,3,4,3,3,3,2,2,3,3,3,3,2,2,3,3,3,2,3,1,3,4,2,3,1,3,2,1,3,2,1,2,1,3,2,1,2,2,3,2,3,3,4,3,3,2,2,2,1,3,2,3,4,3,2,3,3,3,2,2,3,2,3,2,3,3,3,3,3,2,3,3,2,3,2,2,2,3,1,3,3,2,3,2,2,3,2,3,2,3,2,2,3,3,2,2,2,1,2,2,3,3,1,3,3,2,1,2,3,3,3,2,2,1,3,1,3,2,4,2,2,2,3,2,2,2
"solcap_snp_c2_3251",1,2,12,11.943705,2,1,1,2,2,1,2,3,2,2,0,1,1,2,1,1,1,1,1,2,2,1,3,0,1,1,1,0,2,2,1,2,2,2,1,1,1,2,1,2,1,0,1,2,2,2,1,2,0,3,3,1,2,0,2,0,0,2,2,1,2,0,2,1,1,2,1,1,1,1,2,3,2,2,1,2,2,0,2,1,2,3,1,2,2,1,2,1,1,3,1,2,1,2,1,2,2,2,2,2,2,2,1,2,2,1,2,0,2,2,2,2,1,1,2,1,2,1,1,1,1,1,2,1,2,1,0,1,1,2,2,1,1,1,1,1,1,2,2,2,1,2,0,1,0,2,1,2,1,1,1,2,1,1,1
"solcap_snp_c2_32120",2,2,12,12.19157875,2,2,2,2,2,1,3,4,3,3,1,2,2,2,2,2,2,2,2,2,2,1,4,1,2,2,2,2,3,2,2,3,3,2,2,2,1,2,2,2,2,2,2,3,2,3,2,2,1,3,3,1,3,0,2,1,2,3,2,1,2,1,3,2,2,2,2,2,2,2,3,4,2,2,2,2,2,1,2,1,2,3,2,2,3,2,3,2,2,3,2,3,1,2,2,3,3,3,2,3,3,2,2,2,2,1,2,1,2,2,2,3,2,2,2,2,3,1,2,2,1,2,2,2,2,1,1,1,2,3,2,1,2,2,1,2,2,3,3,2,1,2,2,2,0,2,2,3,2,1,2,2,1,2,2
"solcap_snp_c2_32130",2,2,12,12.199615,2,3,3,2,2,3,1,0,1,1,2,2,1,2,2,3,2,2,1,2,2,3,0,2,3,2,2,3,1,2,1,1,1,2,1,2,3,2,2,1,2,3,3,1,2,1,1,2,2,1,1,3,1,4,1,2,2,1,2,3,2,2,1,2,3,2,3,2,2,1,1,0,2,2,2,2,2,3,1,3,1,1,2,2,1,2,1,2,1,1,3,1,3,2,2,1,1,1,2,1,1,2,2,2,2,3,2,3,2,2,2,1,2,3,2,2,1,3,2,2,3,2,2,3,2,3,3,3,1,1,2,3,2,2,3,3,2,1,1,2,3,2,3,2,4,2,2,1,3,3,2,2,3,2,2
"solcap_snp_c2_32437",2,2,12,12.660016249999998,2,3,3,2,2,3,1,0,1,1,3,2,3,2,2,3,3,3,1,2,2,3,0,3,3,2,2,3,1,2,2,1,1,2,2,2,3,2,2,2,2,3,3,1,2,1,2,2,3,1,1,3,1,4,2,3,3,1,2,3,2,3,1,2,3,2,3,2,2,2,1,0,2,2,3,2,2,4,2,3,1,1,2,2,1,2,1,2,2,1,3,1,3,2,2,1,1,1,2,1,2,2,2,2,2,3,2,3,2,2,2,1,2,3,2,2,1,3,2,2,3,2,2,3,2,3,3,3,2,1,1,3,2,2,3,3,2,1,1,2,3,2,3,2,4,2,2,1,3,3,2,2,3,2,2
"solcap_snp_c2_27379",1,2,12,12.8212,2,1,0,2,2,1,2,3,2,2,0,1,1,2,1,1,1,1,2,2,2,1,3,0,1,1,1,0,2,2,1,2,2,2,1,1,1,2,1,1,1,0,1,2,2,2,1,2,0,3,3,1,2,0,2,0,0,2,1,1,2,0,2,1,1,2,1,1,1,1,2,3,2,2,0,2,2,0,1,1,1,3,1,1,2,1,2,1,1,3,1,2,1,1,1,2,2,2,1,2,2,2,1,2,2,1,2,0,2,2,2,2,1,1,1,1,2,1,1,1,1,1,2,1,2,1,0,1,1,2,3,1,1,1,1,1,1,2,2,2,1,1,0,1,0,2,1,2,1,1,1,2,1,1,1
"solcap_snp_c2_27400",2,2,12,13.343788749999998,2,1,1,2,2,1,3,4,3,3,1,2,2,2,2,1,2,1,3,2,2,1,4,1,2,2,2,1,3,2,2,3,3,2,2,2,1,2,2,2,2,1,1,3,2,3,2,2,1,3,3,1,3,1,2,1,1,3,2,1,2,1,3,2,1,2,1,2,2,2,3,4,2,2,1,2,2,1,2,1,3,3,2,2,3,2,3,2,2,3,1,3,1,2,2,3,3,3,2,3,2,2,2,2,2,1,2,1,2,2,2,3,2,2,2,2,2,1,2,2,1,2,2,2,2,1,1,2,2,3,3,1,2,2,1,1,2,3,3,2,1,2,1,2,0,2,2,3,1,1,2,2,1,2,2
"solcap_snp_c2_27403",2,2,12,13.362196249999998,2,3,3,2,2,3,1,0,1,1,3,2,1,2,2,3,3,3,1,2,2,3,0,3,2,2,2,3,1,2,2,1,1,2,2,2,3,2,2,2,2,3,3,1,2,1,2,2,3,1,1,3,1,4,2,3,3,1,2,3,2,3,1,2,3,2,3,2,2,2,1,0,2,2,3,2,2,4,2,3,1,1,2,2,1,2,1,2,2,1,3,1,3,2,2,1,1,1,2,1,1,2,2,2,2,3,2,3,2,2,2,1,2,3,2,2,2,3,2,2,3,2,2,3,2,3,3,2,2,1,1,3,2,2,3,3,2,1,1,2,3,2,3,2,4,2,2,1,3,3,2,2,3,2,2
"solcap_snp_c2_27414",2,2,12,13.368504999999999,2,1,1,2,2,1,3,4,3,3,1,2,1,2,2,1,1,1,3,2,2,1,4,1,2,2,2,1,3,2,2,3,3,2,2,2,1,2,2,2,2,1,1,3,2,3,2,2,1,3,3,1,3,0,2,1,1,3,2,1,2,1,3,2,1,2,1,2,2,2,3,4,2,2,1,2,2,0,2,1,2,3,2,2,3,2,3,2,2,3,1,3,1,2,2,3,3,3,2,3,2,2,2,2,2,1,2,1,2,2,2,3,2,1,2,2,2,1,2,2,1,2,2,1,2,1,1,2,2,3,3,1,2,2,1,1,2,3,3,2,1,2,1,2,0,2,2,3,1,1,2,2,1,2,2
"solcap_snp_c1_16443",2,0,12,13.810758749999998,0,1,2,1,0,1,1,1,1,1,2,1,2,0,2,1,0,1,1,0,2,1,1,1,2,2,1,2,1,1,2,2,1,1,1,1,1,1,2,1,2,2,1,1,1,1,1,1,1,0,1,1,1,1,1,2,1,1,0,0,0,1,1,1,0,0,1,2,1,2,1,1,1,1,2,1,0,1,2,1,1,1,2,0,1,2,1,1,1,0,1,1,1,1,2,1,1,1,0,1,1,0,2,0,0,1,1,1,1,1,0,1,2,1,1,1,0,1,2,1,1,2,1,1,0,1,1,1,1,1,0,0,2,2,1,0,1,1,1,0,1,0,1,2,1,1,1,2,1,1,1,1,1,0,1
"solcap_snp_c2_37389",3,2,12,14.080722499999998,2,3,4,2,2,3,2,1,2,2,4,3,3,2,3,3,3,3,2,2,3,3,1,4,3,3,3,4,2,2,3,2,2,2,3,3,3,2,3,2,3,4,3,2,3,2,3,2,4,1,1,3,2,4,2,4,4,2,2,3,2,4,2,3,3,2,3,3,3,3,2,1,2,2,3,2,2,4,3,3,2,1,3,2,2,3,1,3,3,1,3,2,3,2,3,2,2,2,2,2,2,2,3,2,2,2,2,4,2,2,2,2,3,3,2,3,3,3,3,3,3,3,3,3,2,3,4,2,3,2,1,3,3,3,3,3,3,2,2,2,2,2,4,3,4,2,3,2,2,3,3,2,3,2,3
"PotVar0066128",1,0,12,14.503117499999998,0,0,1,0,0,0,1,1,1,1,1,1,1,0,1,0,0,1,1,0,1,0,1,1,1,1,1,1,1,0,1,1,1,0,1,1,1,0,1,1,1,1,0,1,0,1,1,0,1,0,0,0,1,0,0,1,1,1,0,0,0,1,1,1,0,0,0,1,1,1,1,1,0,0,1,0,0,0,1,0,1,0,1,0,1,1,1,1,1,0,0,1,0,0,1,1,1,1,0,1,1,0,1,0,0,0,0,1,0,0,0,1,1,0,1,1,0,0,1,1,0,1,0,0,0,0,1,0,1,1,0,0,1,1,0,0,1,1,1,0,0,0,1,1,0,0,1,1,0,0,1,0,0,0,1
"PotVar0066114",2,1,12,14.503404999999999,2,1,1,2,1,0,2,3,2,2,1,2,2,1,1,1,1,2,2,2,2,1,3,1,1,1,2,1,2,2,1,2,3,2,2,1,1,2,1,3,2,1,1,3,1,2,2,2,1,2,2,1,2,0,2,1,1,2,1,1,1,1,3,2,1,2,0,2,2,1,2,3,2,1,1,2,1,0,1,0,3,2,2,1,2,2,3,2,2,2,0,3,1,1,1,3,3,3,2,2,2,2,1,2,1,2,1,1,2,2,2,3,1,1,1,2,1,0,2,1,0,2,0,1,2,0,1,1,2,2,2,1,2,2,0,1,1,2,2,2,2,2,1,2,0,2,2,2,2,0,1,1,0,1,2
"solcap_snp_c2_44924",3,3,12,14.533778749999998,2,3,4,2,3,4,3,2,3,3,4,3,4,3,4,3,3,3,3,2,3,3,2,4,4,4,3,4,3,2,4,3,2,2,3,4,4,2,4,2,3,4,3,2,3,3,3,2,4,2,2,3,3,4,2,4,4,3,3,3,3,4,2,3,3,2,4,3,3,4,3,2,2,3,3,2,3,4,3,4,2,2,3,3,3,3,2,3,3,2,4,2,3,3,4,2,2,2,2,3,3,2,4,2,3,2,3,4,2,2,2,2,4,3,3,3,3,4,3,4,4,3,4,3,2,4,4,3,3,3,2,3,3,3,4,3,4,4,3,2,2,2,4,3,4,2,3,3,2,4,4,3,4,3,3
"solcap_snp_c2_52689",2,1,12,15.047127499999998,0,2,3,2,1,2,2,1,1,1,3,1,3,1,2,2,1,2,1,0,3,2,1,2,3,2,2,3,3,2,2,2,1,2,2,1,1,2,3,1,3,3,2,1,2,1,2,2,3,0,1,1,2,2,2,3,3,1,1,1,0,2,2,1,1,0,2,2,1,2,1,1,2,1,3,2,2,2,3,2,2,1,2,1,1,3,2,1,2,0,2,2,1,2,3,1,2,3,1,1,1,0,3,1,1,1,2,2,1,2,0,2,3,2,2,2,1,1,2,2,2,2,1,2,1,2,2,1,2,1,0,1,1,2,1,1,1,1,2,1,2,1,2,3,2,2,2,2,2,2,1,2,2,0,2
"solcap_snp_c2_40745",2,3,12,15.819186249999998,4,2,2,2,3,2,2,3,3,3,1,3,1,3,2,2,3,2,3,4,1,3,3,2,1,2,2,1,1,2,2,2,3,2,2,3,3,2,2,3,1,1,2,3,2,3,2,2,1,4,2,3,2,2,2,1,2,3,3,3,4,2,2,3,3,4,1,2,3,2,3,3,2,3,2,3,3,2,1,2,3,3,2,3,3,1,3,3,2,4,2,2,3,2,1,3,2,2,3,3,3,4,1,3,3,3,2,2,3,2,4,2,1,3,2,2,3,3,2,2,2,2,3,2,3,2,2,3,2,3,4,3,3,2,3,3,3,3,2,3,2,3,2,1,2,2,2,3,2,2,3,2,2,4,2
"solcap_snp_c2_57453",2,3,12,15.929294999999998,4,3,1,2,3,2,2,3,3,3,1,3,1,3,2,2,3,2,3,4,1,3,3,2,1,2,2,1,2,2,2,2,3,2,2,3,3,2,2,4,1,1,2,3,2,3,2,2,1,4,2,3,2,2,2,1,2,3,3,3,4,2,2,3,3,4,1,2,3,2,3,3,2,3,1,3,3,2,2,2,3,3,2,3,3,1,3,3,2,4,2,2,3,2,1,3,2,2,3,3,3,4,1,3,3,3,2,2,3,2,4,2,1,3,2,2,3,3,2,2,2,2,3,2,3,2,2,3,2,3,4,3,3,2,3,3,3,3,2,3,2,3,2,1,1,2,2,3,2,2,3,2,2,4,2
"solcap_snp_c2_16294",3,1,12,16.584127499999997,1,2,3,3,2,2,3,2,2,2,3,1,3,2,2,3,2,2,1,1,3,2,2,2,3,2,2,3,3,3,2,2,2,3,2,1,1,3,3,2,3,3,2,2,2,2,2,3,3,1,2,1,3,2,3,3,2,2,2,2,1,2,2,1,2,1,3,2,1,2,1,2,3,1,3,2,2,2,3,2,2,2,2,2,1,3,2,1,3,1,2,2,2,3,3,2,3,3,2,1,1,1,3,2,2,2,3,2,2,3,1,3,3,2,2,3,2,1,2,2,2,2,1,2,2,2,2,1,3,2,1,2,2,2,1,2,1,1,3,2,3,2,2,3,3,3,2,1,3,2,1,3,2,1,2
"solcap_snp_c2_16298",1,3,12,16.587621249999998,3,2,1,1,2,2,1,2,2,2,1,3,2,2,2,1,2,2,3,3,1,2,2,2,1,2,2,1,1,1,2,2,2,1,2,3,3,1,1,2,1,1,2,2,2,2,2,1,1,3,2,3,1,2,1,1,2,2,2,2,3,2,2,3,2,3,1,2,3,2,3,2,1,3,1,2,2,2,1,2,2,2,2,2,3,1,2,3,1,3,2,2,2,1,1,2,1,1,2,3,3,3,1,2,2,2,1,2,2,1,3,1,1,2,1,1,2,3,2,2,2,2,3,2,2,2,2,3,1,2,3,2,2,2,3,2,3,3,1,2,1,2,2,1,1,1,2,3,1,2,3,1,2,3,2
"solcap_snp_c2_21336",1,0,12,18.66462,0,0,1,0,0,0,1,1,1,1,1,1,0,0,1,0,0,1,1,1,1,0,1,1,1,1,0,1,1,0,1,1,1,0,0,1,1,0,0,1,1,1,0,1,0,1,1,0,1,0,1,0,1,0,0,1,1,1,0,0,0,1,0,1,0,0,1,1,0,1,1,1,0,0,1,0,0,0,1,0,1,1,1,0,1,1,1,1,1,0,1,1,0,0,1,1,1,1,0,1,1,0,1,0,0,0,1,0,0,0,0,1,0,0,1,1,0,0,1,1,0,1,0,1,0,0,1,0,1,1,0,0,1,1,0,1,1,1,1,0,0,0,1,1,1,0,1,0,0,0,1,0,0,0,0
"solcap_snp_c2_29296",2,1,12,23.98456125,1,2,2,3,2,2,2,1,1,1,2,0,1,2,1,3,2,1,0,1,2,2,1,1,2,1,2,2,2,3,1,1,1,3,2,0,0,3,3,1,2,2,2,1,2,1,1,3,2,1,1,1,2,2,3,2,1,1,2,2,1,1,2,0,2,1,2,1,1,1,0,1,3,1,2,2,2,2,2,2,1,1,1,2,0,2,1,0,2,1,1,1,2,3,2,1,2,2,2,0,0,1,2,2,2,2,2,2,2,3,1,2,3,2,1,2,2,1,1,1,2,1,1,1,2,2,1,1,2,1,1,2,1,1,1,1,0,0,2,2,3,2,1,2,2,3,1,1,3,2,0,3,2,1,2
"solcap_snp_c2_56163",3,3,12,25.6500575,3,3,3,3,3,3,2,3,3,3,3,4,3,2,4,2,2,3,4,3,3,3,3,3,3,4,3,3,3,2,4,4,3,2,3,4,4,2,2,3,3,3,3,3,3,3,3,2,3,3,4,4,2,3,2,3,3,3,2,2,3,3,2,4,2,3,3,4,4,4,4,3,2,4,3,2,2,3,3,3,3,3,4,2,4,3,3,4,2,3,3,3,3,2,3,3,2,2,2,4,4,3,3,2,2,3,2,2,3,2,3,2,2,2,3,2,2,4,4,3,3,4,4,3,2,3,3,4,2,3,3,2,3,4,4,3,4,4,2,2,2,2,3,3,3,2,3,4,2,3,4,2,3,3,2
"solcap_snp_c1_5459",2,1,12,26.50476625,1,1,2,2,2,1,3,2,2,2,2,1,2,2,1,2,2,2,1,2,2,1,2,2,2,1,2,2,2,2,1,1,2,2,1,1,1,2,2,1,2,2,1,2,1,2,2,2,2,1,1,0,3,1,2,2,2,2,2,2,1,2,2,1,2,1,2,1,0,1,1,2,2,0,2,2,2,1,2,1,2,1,1,2,1,2,2,1,3,1,2,2,1,2,2,2,3,3,2,1,1,1,2,2,2,1,3,2,1,2,1,3,2,2,2,3,2,0,1,2,1,1,0,1,2,1,2,0,3,2,1,2,2,1,0,2,1,1,3,2,2,2,2,2,2,2,2,0,2,1,1,2,1,1,2
"solcap_snp_c2_16911",3,3,12,26.5055925,3,3,3,2,2,3,2,3,3,3,3,4,3,2,4,2,2,3,4,3,3,3,3,3,3,4,2,3,3,2,4,4,3,2,3,4,4,2,2,3,3,3,3,3,3,3,3,2,3,3,4,4,2,3,2,3,3,3,2,2,3,3,2,4,2,3,3,4,4,4,4,3,2,4,3,2,2,3,3,3,3,3,4,2,4,3,3,4,2,3,3,3,3,2,3,3,2,2,2,4,4,3,3,2,2,3,2,2,2,2,3,2,2,2,3,2,2,4,4,3,3,4,4,3,2,3,3,4,2,3,3,2,3,4,4,3,4,4,2,2,2,2,3,3,3,2,3,4,2,3,4,2,3,3,2
"solcap_snp_c2_16922",1,1,12,26.906877499999997,1,2,2,2,0,1,0,1,0,0,1,1,1,0,1,1,0,1,1,1,2,2,1,0,1,1,1,1,2,2,1,2,1,2,2,0,0,2,1,1,2,1,2,1,2,1,1,2,1,1,2,2,0,1,2,1,0,0,0,0,0,0,1,1,0,1,1,2,2,1,1,1,2,2,1,1,0,1,1,1,1,2,2,0,1,2,1,1,0,1,1,1,2,1,1,1,1,1,1,1,1,1,1,1,0,2,0,0,2,2,0,1,1,1,1,0,0,1,2,0,1,2,1,1,1,1,0,2,0,0,1,0,1,2,1,0,0,0,0,1,2,1,0,2,1,2,1,2,2,1,0,1,1,0,0
"solcap_snp_c2_16934",2,4,12,27.166272499999998,4,3,2,3,4,3,3,3,3,3,2,3,2,4,2,3,4,3,3,3,2,3,3,3,2,2,3,2,2,3,2,2,3,3,3,3,3,3,3,3,2,2,3,3,3,3,3,3,2,4,2,3,3,3,3,2,3,3,4,4,4,3,4,3,4,4,2,2,3,2,3,3,3,3,2,3,4,3,2,3,3,3,2,4,3,2,3,3,3,4,3,3,3,3,2,3,3,3,4,3,3,4,2,4,4,3,3,4,3,3,4,3,3,4,3,3,4,3,2,3,3,2,3,3,4,3,3,3,3,3,4,4,3,2,3,3,3,3,3,4,3,3,3,2,2,3,3,3,3,3,3,3,3,4,4
"PotVar0044798",3,3,12,27.170698749999996,3,2,3,2,4,3,4,3,4,4,3,3,3,4,3,3,4,3,3,3,2,2,3,4,3,3,3,3,3,2,3,2,3,2,2,4,4,2,3,3,2,3,2,3,2,3,3,2,3,3,2,2,4,3,2,3,4,4,4,4,4,4,3,3,4,3,3,2,2,3,3,3,3,2,3,3,4,3,3,3,3,2,2,4,3,2,3,3,4,3,3,3,2,3,3,3,3,3,3,3,3,3,3,3,4,2,4,4,2,2,4,3,3,3,3,4,4,3,2,4,3,2,3,3,3,3,4,2,4,4,3,4,3,2,3,4,4,4,4,3,2,3,4,2,3,2,3,2,2,3,4,3,3,4,4
"PotVar0044772",1,1,12,27.171404999999996,1,2,1,2,0,1,0,1,0,0,1,1,0,0,1,1,0,1,1,1,2,2,1,0,1,1,1,1,1,2,1,2,1,1,1,0,0,1,1,1,2,1,2,1,2,1,1,2,1,1,2,2,0,1,2,1,0,0,0,0,0,0,1,1,0,1,1,2,2,1,1,1,2,2,1,1,0,1,1,1,1,2,2,0,1,2,1,1,0,1,1,1,2,1,1,1,1,1,1,1,1,1,1,1,0,2,0,0,2,2,0,1,1,1,1,0,0,1,2,0,1,2,1,1,1,1,0,2,0,0,1,0,1,2,1,0,0,0,0,1,2,1,0,2,1,2,1,2,2,1,0,1,1,0,0
"solcap_snp_c2_10042",3,4,12,28.347401249999997,4,3,3,3,4,3,4,4,4,4,3,4,3,4,3,3,4,4,4,4,3,3,4,4,3,3,4,3,3,3,3,3,4,3,3,4,4,3,3,4,3,3,3,4,3,4,4,3,3,4,3,3,4,3,3,3,4,4,4,4,4,4,4,4,4,4,3,3,3,3,4,4,3,3,3,4,4,3,3,3,4,3,3,4,4,3,4,4,4,4,4,4,3,3,3,4,4,4,4,4,4,4,3,4,4,3,4,4,3,3,4,4,3,4,3,4,4,3,3,4,3,3,3,4,4,3,4,3,4,4,4,4,4,3,3,4,4,4,4,4,3,4,4,3,3,3,4,3,3,3,4,3,3,4,4
"solcap_snp_c1_8914",1,2,12,32.30216875,2,1,1,0,2,2,1,1,2,2,1,2,1,2,2,1,2,1,2,1,0,1,1,2,1,2,1,1,0,0,2,1,1,0,1,3,3,0,1,1,0,1,1,1,1,1,1,0,1,2,1,2,1,2,0,1,2,2,2,2,3,2,1,2,2,2,1,1,2,2,2,1,1,2,1,1,2,2,1,2,1,1,1,2,2,0,1,2,1,2,1,1,1,1,1,1,0,0,1,2,3,2,1,1,2,1,1,2,1,0,3,1,1,1,2,1,2,3,1,2,2,1,3,1,1,2,2,2,1,2,2,2,1,1,3,2,3,3,1,1,0,1,2,0,1,0,1,2,0,2,3,1,2,3,2
"solcap_snp_c2_40524",2,1,12,32.69731375,1,2,2,3,2,2,2,1,1,1,2,0,2,2,1,3,3,1,0,1,2,2,1,1,2,1,2,2,2,3,1,1,1,3,3,0,0,3,3,1,2,2,2,1,2,1,1,3,2,1,1,1,2,2,3,2,1,1,2,2,1,1,2,0,2,1,2,1,1,1,0,1,3,1,2,2,2,2,2,2,2,1,1,3,0,2,1,0,3,1,1,1,2,3,2,1,2,2,3,0,0,1,2,3,2,2,2,2,3,3,1,2,3,2,2,2,2,1,1,1,2,1,1,1,2,2,1,1,2,1,1,2,1,1,1,1,0,0,2,3,3,2,1,2,2,3,1,1,3,2,0,3,2,1,2
"solcap_snp_c2_50135",3,3,12,34.270627499999996,3,3,3,2,2,3,2,3,3,3,3,4,2,2,4,2,2,3,4,3,3,3,3,3,3,4,2,3,3,2,4,4,3,2,3,4,4,2,2,3,3,3,3,3,3,3,3,2,3,3,4,4,2,3,2,3,3,3,2,2,3,3,2,4,2,3,3,4,4,4,4,3,3,4,3,2,2,3,3,3,3,3,4,2,4,3,3,4,2,3,3,3,3,2,3,3,2,2,2,4,4,3,3,2,2,3,2,2,3,2,3,2,2,2,3,2,2,4,4,3,3,4,4,3,2,3,3,4,2,3,3,2,3,4,4,3,4,4,2,2,2,2,3,3,3,2,3,4,2,3,4,2,3,3,2
"solcap_snp_c2_9491",2,1,12,34.532501249999996,1,2,2,3,2,2,2,1,1,1,3,0,2,2,1,3,2,1,0,1,2,2,1,1,2,1,2,2,2,3,1,1,1,3,2,0,0,3,3,1,2,2,2,1,2,1,1,3,2,1,1,1,2,2,3,2,1,1,2,2,1,1,2,0,2,1,2,1,1,1,0,1,3,1,2,2,2,2,2,2,1,1,1,2,0,2,1,0,2,1,1,1,2,3,2,1,2,2,2,0,0,1,2,2,2,2,2,2,2,3,1,2,3,2,1,2,2,1,1,1,2,1,1,1,2,2,1,1,2,1,1,2,1,1,1,1,0,0,2,2,3,2,1,2,2,3,1,1,3,2,0,3,2,1,2
"solcap_snp_c2_45825",3,1,12,41.510428749999996,1,2,3,3,2,2,3,2,2,2,3,1,3,2,2,3,2,2,1,2,3,2,2,2,3,2,2,3,3,3,2,2,2,3,2,1,1,3,3,1,3,3,2,2,2,2,2,3,3,1,2,1,3,2,3,3,2,2,2,2,1,2,2,1,2,1,3,2,1,2,1,2,3,1,3,2,2,2,3,2,2,2,2,2,1,3,2,1,3,1,2,2,2,3,3,2,3,3,2,1,1,1,3,2,2,2,3,2,2,3,1,3,3,2,2,3,2,1,2,2,2,2,1,2,2,2,2,1,3,2,1,2,2,2,1,2,1,1,3,2,3,2,2,3,3,3,2,1,3,2,1,3,2,1,2
"PotVar0012984",2,0,12,48.175026249999995,0,1,2,1,0,1,1,1,1,1,2,1,2,0,2,1,0,1,1,1,2,1,1,1,2,2,1,2,2,1,2,2,1,1,1,1,1,1,1,1,2,2,1,1,1,1,1,1,2,0,2,1,1,1,1,2,1,1,0,0,0,1,0,1,0,0,2,2,1,2,1,1,1,1,2,0,0,1,2,1,1,1,2,0,1,2,1,1,1,0,1,1,1,1,2,1,1,1,0,1,1,0,2,0,0,1,1,0,1,1,0,1,1,0,1,1,0,1,2,1,1,2,1,1,0,1,1,1,1,1,0,0,1,2,1,1,1,1,1,0,1,1,1,2,2,1,1,1,1,1,1,1,1,0,0
"solcap_snp_c2_45819",3,1,12,49.7433025,1,2,3,3,2,2,3,3,2,1,3,1,3,2,1,3,3,3,2,2,3,1,2,2,3,2,3,3,2,3,3,1,2,3,2,2,1,3,3,2,3,3,2,2,2,2,2,3,3,1,2,1,3,2,2,3,2,2,3,2,1,2,2,1,2,1,2,2,2,2,1,3,3,1,3,2,2,2,3,3,2,2,2,2,1,3,2,1,3,2,2,2,2,3,3,2,3,3,2,1,1,1,3,2,2,2,3,2,3,3,2,3,3,3,3,3,2,1,2,2,2,2,1,2,2,2,2,1,2,2,1,2,2,2,1,2,1,1,3,3,3,3,2,3,3,3,2,1,3,2,2,3,2,1,2
"solcap_snp_c2_45803",3,1,12,50.15675374999999,1,2,3,3,2,2,3,2,2,1,3,1,3,2,1,3,2,2,1,2,3,1,2,2,3,2,2,3,2,3,2,1,2,3,2,1,1,3,3,1,3,3,2,2,2,2,2,3,3,1,2,1,3,2,2,3,2,2,3,2,1,2,2,1,2,1,2,2,2,2,1,2,3,1,3,2,2,2,3,3,2,2,2,2,1,3,2,1,3,1,2,2,2,3,3,2,3,3,2,1,1,1,3,2,2,2,3,2,2,3,1,3,3,2,3,3,2,1,2,2,2,2,1,2,2,2,2,1,2,2,1,2,2,2,1,2,1,1,3,2,3,2,2,3,3,3,2,1,3,2,1,3,2,1,2
"solcap_snp_c2_45808",3,3,12,50.1579925,3,3,3,2,2,3,2,3,3,3,3,4,3,2,4,2,2,3,4,4,3,3,3,3,3,4,2,2,3,2,4,4,3,2,3,4,4,2,2,3,3,3,3,3,3,3,3,2,3,3,4,4,2,3,2,3,3,3,2,2,3,3,2,4,2,3,3,4,3,4,4,3,2,4,3,2,2,3,3,3,3,3,4,2,4,3,3,4,2,4,3,3,3,2,3,3,2,2,2,4,4,3,3,2,2,3,2,2,3,2,3,2,2,2,3,2,2,4,4,3,3,4,4,3,2,3,3,4,2,3,3,2,3,4,4,3,4,4,2,2,2,2,3,3,3,2,3,4,2,3,4,2,3,3,2
"solcap_snp_c2_45818",1,3,12,50.22698,3,2,1,1,2,2,1,2,2,3,1,3,1,2,3,1,2,2,3,2,1,3,2,2,1,2,2,1,2,1,2,3,2,1,2,3,3,1,1,2,1,1,2,2,2,2,2,1,1,3,2,2,1,2,2,1,2,2,1,2,3,2,2,3,2,3,2,2,2,2,3,2,1,3,1,2,2,2,1,1,2,2,2,2,3,1,2,3,1,3,2,2,2,1,1,2,1,1,2,3,3,3,1,2,2,2,1,2,2,1,3,1,1,2,1,1,2,3,2,2,2,2,3,2,2,2,2,3,2,2,3,2,2,2,3,2,3,3,1,2,1,2,2,1,1,1,2,3,1,2,3,1,2,3,2
"solcap_snp_c2_54513",2,1,12,50.265821249999995,0,2,3,2,1,2,2,1,1,0,3,1,3,1,1,2,1,1,1,2,3,0,1,2,3,2,1,2,2,2,2,1,1,2,2,1,1,2,2,1,3,3,2,1,2,1,2,2,3,0,2,1,2,2,1,3,2,1,1,1,0,1,1,1,1,0,2,2,1,2,1,1,2,1,2,1,1,2,2,3,1,1,2,1,1,3,1,1,2,0,2,2,1,2,3,1,2,2,1,1,1,0,3,1,1,1,2,1,2,2,0,1,2,1,2,2,1,1,2,2,2,2,1,1,1,2,2,1,1,1,0,1,1,2,1,2,1,1,2,1,2,1,2,3,3,2,2,1,2,2,1,2,2,0,1
"solcap_snp_c2_18983",3,1,12,50.81459374999999,1,2,3,3,2,2,3,2,2,1,3,1,3,2,1,3,2,2,1,2,3,1,2,2,3,2,2,3,2,3,2,1,2,3,2,1,1,3,3,2,3,3,2,2,2,2,2,3,3,1,2,1,3,2,2,3,2,2,3,2,1,2,2,1,2,1,3,2,1,3,1,2,3,1,3,2,2,2,3,3,3,3,2,2,2,3,2,1,3,1,2,2,2,3,3,2,3,3,2,1,1,1,3,2,2,2,3,2,2,3,1,3,3,2,2,3,2,1,2,2,2,2,1,2,2,2,2,1,3,2,1,2,2,2,1,2,1,1,3,2,3,2,2,3,3,3,2,1,3,2,1,3,2,1,2
"solcap_snp_c2_38375",2,1,12,51.345929999999996,1,2,2,3,2,2,2,1,1,1,2,0,2,2,1,3,2,1,0,1,2,1,1,1,2,1,2,2,2,3,1,1,1,3,2,0,0,3,3,1,2,2,2,1,2,1,1,3,2,1,1,1,2,2,3,2,1,1,2,2,1,1,2,0,2,1,2,1,1,1,0,1,3,1,2,2,2,2,2,2,1,1,1,2,0,2,1,0,2,1,1,1,2,3,2,1,2,2,2,0,0,1,2,2,2,2,2,2,2,3,1,2,3,2,2,2,2,1,1,1,2,1,1,1,2,2,1,1,2,1,1,2,1,1,1,1,0,0,2,2,3,2,1,2,2,3,1,1,3,2,0,3,2,1,2
"solcap_snp_c2_38367",1,2,12,51.347103749999995,2,1,1,0,2,2,1,1,2,2,1,2,1,2,2,1,2,1,2,1,0,2,1,2,1,2,1,1,0,0,2,1,1,0,1,3,3,0,1,1,0,1,1,1,1,1,1,0,1,2,1,2,1,2,0,1,2,2,2,2,3,2,1,2,2,2,1,1,2,2,2,1,0,2,1,1,2,2,1,1,1,1,1,2,2,0,1,2,1,2,1,1,1,1,1,1,0,0,1,2,2,2,1,1,2,1,1,2,1,0,3,1,1,1,2,1,2,3,1,2,2,1,3,1,1,2,2,2,1,2,2,2,1,1,3,2,3,3,1,1,0,1,2,0,1,0,1,2,0,2,3,1,2,3,2
"solcap_snp_c2_19722",2,3,12,52.0878525,3,2,2,1,2,2,2,3,3,3,2,4,2,2,3,1,2,3,4,3,2,2,3,3,2,3,2,2,2,1,3,3,3,1,2,4,4,1,1,3,2,2,2,3,2,3,3,1,2,3,3,3,2,2,1,2,3,3,2,2,3,3,2,4,2,3,2,3,3,3,4,3,2,3,2,2,2,2,2,2,3,3,3,2,4,2,3,4,2,3,3,3,2,1,2,3,2,2,2,4,4,3,2,2,2,2,2,2,2,1,3,2,1,2,2,2,2,3,3,3,2,3,3,3,2,2,3,3,2,3,3,2,3,3,3,3,4,4,2,2,1,2,3,2,2,1,3,3,1,2,4,1,2,3,2
"solcap_snp_c1_10050",3,2,12,52.86893499999999,2,3,3,4,2,2,3,3,2,2,3,2,3,2,2,3,2,3,2,3,4,3,3,2,3,2,3,3,4,4,2,3,3,4,3,1,1,4,3,2,4,3,3,3,3,3,3,4,3,2,3,2,3,2,4,3,2,2,2,2,1,2,3,2,2,2,3,3,2,2,2,3,4,2,3,3,2,2,3,2,3,3,3,2,2,4,3,2,3,2,3,3,3,3,3,3,4,4,3,2,1,2,3,3,2,3,3,2,3,4,1,3,3,3,2,3,2,1,3,2,2,3,1,2,3,2,2,2,3,2,2,2,3,3,1,2,1,1,3,3,4,3,2,4,3,4,3,2,4,2,1,3,2,1,2
"solcap_snp_c2_33619",2,3,12,52.86943874999999,3,2,2,1,2,2,2,3,3,3,2,4,2,2,3,1,2,3,4,3,2,2,3,3,2,3,2,2,2,1,3,3,3,1,2,4,4,1,1,3,2,2,2,3,2,3,3,1,2,3,3,3,2,2,1,2,3,3,2,2,3,3,2,4,2,3,2,3,3,3,4,3,2,3,2,2,2,2,2,2,3,3,3,2,4,2,3,4,2,3,3,3,2,1,2,3,2,2,2,4,4,3,2,2,2,2,2,2,2,1,3,2,1,2,3,2,2,3,3,3,2,3,3,3,2,2,3,3,2,3,3,2,3,3,3,3,4,4,2,2,1,2,3,2,2,1,3,3,1,2,4,1,2,3,2
"PotVar0031972",2,3,12,54.1349125,3,2,2,1,2,2,2,3,3,3,2,4,3,2,3,1,3,3,4,3,2,2,3,3,2,3,2,2,3,1,3,3,3,1,2,4,4,1,1,3,2,2,2,3,2,3,3,1,2,3,3,3,2,2,1,2,3,3,2,2,3,3,2,4,2,3,2,3,3,3,4,3,2,3,2,2,2,2,2,2,3,3,3,2,4,2,3,4,2,3,3,3,2,1,2,3,2,2,2,4,4,3,2,2,2,2,2,2,2,1,3,2,1,2,2,2,2,3,3,3,2,3,3,3,2,2,3,3,2,3,3,2,3,3,3,3,4,4,2,2,1,2,3,2,2,1,3,3,1,2,4,1,2,3,2
"PotVar0031913",3,2,12,54.15793375,2,3,3,4,2,2,3,3,2,2,3,2,3,2,2,3,2,3,2,3,4,3,3,2,3,2,3,3,4,4,2,3,3,4,3,1,1,4,3,3,4,3,3,3,3,3,3,4,3,2,3,2,3,2,4,3,2,2,2,2,1,2,3,2,2,2,3,3,2,2,2,3,4,2,3,3,2,2,3,2,3,3,3,2,2,4,3,2,3,2,3,3,3,3,3,3,4,4,3,2,2,2,3,3,2,3,3,2,3,4,1,3,3,3,3,3,2,1,3,2,2,3,1,2,3,2,2,2,3,2,2,2,3,3,1,2,1,1,3,3,4,3,2,4,3,4,3,2,4,2,1,3,2,1,2
"solcap_snp_c2_13933",2,3,12,54.158069999999995,3,2,2,1,2,2,2,3,3,3,2,4,3,2,3,1,3,3,4,3,2,2,3,3,2,3,2,2,2,1,3,3,3,1,2,4,4,1,1,3,2,2,2,3,2,3,3,1,2,3,3,3,2,2,1,2,3,3,2,2,3,3,2,4,2,3,2,3,3,3,4,3,1,3,2,2,2,2,2,2,3,3,3,2,4,2,3,4,2,3,3,3,2,1,2,3,2,2,2,4,4,3,2,2,2,2,2,2,2,1,3,2,1,2,3,2,2,3,3,3,2,3,3,3,2,2,3,3,2,3,3,2,3,3,3,3,4,4,2,2,1,2,3,2,2,1,3,3,1,2,4,1,2,3,2
"PotVar0031882",2,2,12,54.159383749999996,2,3,3,4,2,2,2,2,1,1,2,1,2,2,1,3,3,2,1,2,3,3,2,1,2,1,3,2,3,4,1,2,2,4,4,0,0,4,3,2,3,2,3,2,3,2,2,4,2,2,2,2,2,2,4,2,1,2,2,2,1,1,3,1,2,2,2,2,3,1,1,2,3,2,2,3,2,2,2,2,2,2,2,2,1,3,2,1,2,2,2,2,3,3,2,2,3,3,4,1,1,2,2,3,2,3,2,2,3,4,1,3,3,3,2,2,2,1,2,1,2,2,1,2,3,2,1,2,2,1,2,2,3,2,1,1,0,0,2,3,4,3,1,3,2,4,2,2,4,2,0,3,2,1,3
"solcap_snp_c2_13958",1,3,12,54.440014999999995,3,2,1,1,2,2,1,2,2,2,1,3,2,2,2,1,2,2,3,2,1,2,2,2,1,2,2,1,1,1,2,2,2,1,2,3,3,1,1,3,1,1,2,2,2,2,2,1,1,3,2,3,1,2,1,1,2,2,2,2,3,2,2,3,2,3,1,2,3,2,3,2,1,3,1,2,2,2,1,2,2,2,2,2,3,1,2,3,1,3,2,2,2,1,1,2,1,1,2,3,3,3,1,2,2,2,1,2,2,1,3,1,1,2,2,1,2,3,2,2,2,2,3,2,2,2,2,3,1,2,3,2,2,2,3,2,3,3,1,2,1,2,2,1,1,1,2,3,1,2,3,1,2,3,2
"solcap_snp_c2_30296",2,3,12,56.7920325,3,2,2,1,2,2,2,3,3,3,2,4,2,2,3,1,2,3,4,3,2,2,3,3,2,3,2,2,2,1,3,3,3,1,2,4,4,1,1,3,2,2,2,3,2,3,3,1,2,3,3,3,2,2,1,2,3,3,2,2,3,3,2,4,2,3,2,3,3,3,4,3,2,3,2,2,2,2,2,2,3,3,3,2,4,2,3,4,2,3,3,3,2,1,2,3,2,2,2,4,4,3,2,2,2,2,2,2,2,1,3,2,1,2,2,2,2,3,3,3,2,3,3,3,2,2,3,3,2,3,3,2,3,3,3,3,4,4,2,2,1,2,3,2,2,1,3,3,1,2,4,1,2,3,2
"PotVar0036493",2,3,12,57.463497499999995,3,2,2,1,2,2,2,3,3,3,2,4,3,2,3,1,2,3,4,3,2,2,3,3,2,3,2,2,2,1,3,3,3,1,2,4,4,1,1,3,2,2,2,3,2,3,3,1,2,3,3,3,2,2,1,2,3,3,2,2,3,3,2,4,2,3,2,3,3,3,4,3,2,3,2,2,2,2,2,2,3,3,3,2,4,2,3,4,2,3,3,3,2,1,2,3,2,2,2,4,4,3,2,2,2,2,2,2,2,1,3,2,1,2,3,2,2,3,3,3,2,3,3,3,2,2,3,3,2,3,3,2,3,3,3,3,4,4,2,2,1,2,3,2,2,1,3,3,1,2,4,1,2,3,2
"solcap_snp_c2_33630",2,3,12,57.463497499999995,3,2,2,1,2,2,2,3,3,3,2,4,2,2,3,1,2,3,4,3,2,2,3,3,2,3,2,2,2,1,3,3,3,1,2,4,4,1,1,3,2,2,2,3,2,3,3,1,2,3,3,3,2,2,1,2,3,3,2,2,3,3,2,4,2,3,2,3,3,3,4,3,1,3,2,2,2,2,2,2,3,3,3,2,4,2,3,4,2,3,3,3,2,1,2,3,2,2,2,4,4,3,2,2,2,2,2,2,2,1,3,2,1,2,3,2,2,3,3,3,2,3,3,3,2,2,3,3,2,3,3,2,3,3,3,3,4,4,2,2,1,2,3,2,2,1,3,3,1,2,4,1,2,3,2
"PotVar0036451",2,3,12,57.464574999999996,3,2,2,1,2,2,2,3,3,3,2,4,2,2,3,1,2,3,4,3,2,2,3,3,2,3,2,2,2,1,3,3,3,1,2,4,4,1,1,3,2,2,2,3,2,3,3,1,2,3,3,3,2,2,1,2,3,3,2,2,3,3,2,4,2,3,2,3,3,3,4,3,2,3,2,2,2,2,2,2,3,3,3,2,4,2,3,4,2,3,3,3,2,1,2,3,2,2,2,4,4,3,2,2,2,2,2,2,2,1,3,2,1,2,3,2,2,3,3,3,2,3,3,3,2,2,3,3,2,3,3,2,3,3,3,3,4,4,2,2,1,2,3,2,2,1,3,3,1,2,4,1,2,3,2
"solcap_snp_c2_53205",3,3,12,59.041982499999996,3,3,3,2,2,3,2,3,3,3,3,4,3,2,4,2,2,3,4,3,3,3,3,3,3,4,2,3,3,2,4,4,3,2,3,4,4,2,2,3,3,3,3,3,3,3,3,2,3,3,4,4,2,3,2,3,3,3,2,2,3,3,2,4,2,3,3,4,4,4,4,3,2,4,3,2,2,3,3,3,3,3,4,2,4,3,3,4,2,3,3,3,3,2,3,3,2,2,2,4,4,3,3,2,2,3,2,2,3,2,3,2,2,2,3,2,2,4,4,3,3,4,4,3,2,3,3,4,2,3,3,2,3,4,4,3,4,4,2,2,2,2,3,3,3,2,3,4,2,3,4,2,3,3,2
"solcap_snp_c2_51049",2,1,12,60.209208749999995,1,2,2,3,2,2,2,1,1,1,2,0,2,2,1,3,3,1,0,1,2,2,1,1,2,1,2,2,2,3,1,1,1,3,2,0,0,3,3,1,2,2,2,1,2,1,1,3,2,1,1,1,2,2,3,2,1,1,2,2,1,1,2,0,2,1,2,1,1,1,0,1,3,1,2,2,2,2,2,2,1,1,1,2,0,2,1,0,1,1,1,1,2,3,2,1,2,2,2,0,0,1,2,2,2,2,2,2,2,3,1,2,3,2,2,2,2,1,1,1,2,1,1,1,2,2,1,1,2,1,1,2,1,1,1,1,0,0,2,2,3,2,1,2,2,3,1,1,3,2,0,3,2,1,2
"solcap_snp_c2_51047",2,1,12,60.2220125,1,2,2,3,2,2,2,1,1,1,2,0,2,2,1,3,3,1,0,1,2,2,1,1,2,1,2,2,2,3,1,1,1,3,3,0,0,3,3,1,2,2,2,1,2,1,1,3,2,1,1,1,2,2,3,2,1,1,2,2,1,1,2,0,2,1,2,1,1,1,0,1,3,1,2,2,2,2,2,2,1,1,1,2,0,2,1,0,2,1,1,1,2,3,2,1,2,2,2,0,0,1,2,2,2,2,2,2,2,3,1,2,3,2,2,2,2,1,1,1,2,1,1,1,2,2,1,1,2,1,1,2,1,1,1,1,0,0,2,2,3,2,1,2,2,3,1,1,3,2,0,3,2,1,2
"solcap_snp_c2_49683",1,3,12,60.75718499999999,3,2,1,1,2,2,1,2,2,3,1,3,1,2,3,1,3,2,3,2,1,3,2,2,1,2,2,1,3,1,2,3,2,1,3,3,3,1,1,2,1,1,2,2,2,2,2,1,1,3,2,3,1,2,2,1,2,2,2,2,3,2,2,3,2,3,2,2,2,2,3,2,2,3,1,2,2,2,1,1,2,2,2,2,3,1,2,3,1,3,2,2,2,1,1,2,1,1,2,3,3,3,1,2,2,2,1,2,2,1,3,1,1,2,2,1,2,3,2,2,2,2,3,2,2,2,2,3,2,2,3,2,2,2,3,2,3,3,1,2,1,2,2,1,1,1,2,3,1,2,3,1,2,3,2
"solcap_snp_c1_14396",1,3,12,60.91530124999999,3,2,1,1,2,2,1,2,2,3,1,3,1,2,3,1,3,2,3,2,1,3,2,2,1,2,1,1,2,1,2,2,2,1,2,3,3,1,1,3,1,1,2,2,2,2,2,1,1,3,2,2,1,2,2,1,2,2,2,2,3,2,2,3,2,3,2,2,2,2,3,2,1,2,1,2,2,2,1,1,2,2,2,2,3,1,2,3,1,3,2,2,2,1,1,2,1,1,2,3,3,3,1,2,2,2,1,2,2,1,3,1,1,2,1,1,2,2,2,2,2,2,3,2,2,2,2,3,2,2,3,2,2,2,3,2,3,3,1,2,1,2,2,1,1,1,2,3,1,2,3,1,2,3,2
"solcap_snp_c2_48686",3,4,12,60.917613749999994,3,4,4,3,3,4,3,3,3,3,4,4,4,3,4,3,3,4,4,4,4,3,3,4,4,4,3,3,4,3,4,4,3,3,4,4,4,3,3,3,4,4,4,3,4,3,4,3,4,3,4,4,3,4,3,4,4,3,3,3,3,4,3,4,3,3,4,4,3,4,4,3,3,4,4,3,3,4,4,4,3,3,4,3,4,4,3,4,3,4,4,4,3,3,4,3,3,3,3,4,4,3,4,3,3,3,3,3,4,3,3,3,3,3,3,3,3,4,4,4,4,4,4,4,3,4,4,4,3,3,3,3,3,4,4,4,4,4,3,3,3,3,4,4,4,3,4,4,3,4,4,3,4,3,3
"solcap_snp_c2_48687",2,3,12,61.06417499999999,3,3,3,2,2,3,1,2,2,3,2,3,2,2,3,2,2,2,3,3,2,3,2,2,2,3,2,2,3,2,3,4,3,2,3,3,3,2,2,2,2,2,3,2,3,2,2,2,2,3,3,4,1,3,2,2,2,2,1,2,3,2,2,3,2,3,3,3,3,3,3,2,2,4,2,2,2,3,2,2,2,2,3,2,3,2,2,3,1,3,2,2,3,2,2,2,1,1,2,3,3,3,2,2,2,3,1,2,3,2,3,1,2,2,2,1,2,4,3,2,3,3,4,2,2,3,2,4,2,2,3,2,2,3,4,2,3,3,1,2,2,2,1,2,2,2,2,4,2,3,3,2,3,3,2
"solcap_snp_c2_48013",1,3,12,62.03177624999999,3,2,1,1,2,2,1,2,2,3,1,3,1,2,3,1,2,2,3,2,1,3,2,2,1,2,2,1,2,1,2,3,3,1,2,3,3,2,1,3,1,1,2,3,2,2,2,1,1,3,2,3,1,2,2,1,2,2,1,2,3,2,2,3,2,3,2,2,2,2,3,2,1,3,1,2,2,2,1,1,2,2,1,2,3,1,2,3,1,3,2,2,2,1,1,2,1,1,2,3,3,3,1,2,2,2,1,2,2,1,3,1,1,2,2,1,3,3,2,2,2,2,3,2,2,2,2,3,2,2,3,2,2,2,3,2,3,3,1,2,1,2,1,1,1,1,2,3,1,2,3,1,2,3,2
"solcap_snp_c1_14197",1,3,12,62.07553874999999,3,2,1,1,2,2,1,2,2,3,1,3,1,2,3,1,2,2,3,2,1,3,2,2,2,2,2,1,2,1,2,3,3,1,2,3,3,2,1,2,1,1,2,3,2,2,2,1,1,3,2,3,1,2,2,1,2,2,1,2,3,2,2,3,2,3,2,2,2,2,3,2,1,3,1,2,2,2,1,1,2,2,1,2,3,1,2,3,1,3,2,2,2,1,1,2,1,1,2,3,3,3,1,2,2,2,1,2,2,1,3,1,1,2,2,1,3,3,2,2,2,2,3,2,2,2,2,3,2,2,3,2,2,2,3,2,3,3,1,2,1,2,1,1,1,1,2,3,1,2,3,1,2,3,2
"solcap_snp_c2_43152",3,4,12,62.49328499999999,3,4,4,3,3,4,3,3,3,3,4,4,4,3,4,3,3,4,4,4,4,3,3,4,3,4,3,3,4,3,4,4,3,3,4,4,4,4,3,3,4,4,4,3,3,3,4,3,4,3,4,4,3,4,3,4,4,3,3,3,3,4,3,4,3,3,4,4,3,3,4,3,3,4,4,3,3,4,3,4,3,3,4,3,4,4,3,4,3,4,4,4,3,3,4,3,3,3,3,4,4,3,4,3,3,3,3,3,4,3,3,3,3,3,3,3,3,4,4,4,4,4,4,4,3,4,4,4,3,3,3,3,3,4,4,4,4,4,3,3,3,3,3,4,4,3,4,4,3,4,4,3,4,3,3
"solcap_snp_c2_17613",3,4,12,62.987101249999995,3,4,4,3,3,4,3,3,3,3,4,4,4,3,4,3,3,4,4,4,4,3,3,4,3,4,3,3,4,3,4,4,3,3,4,4,4,4,3,3,4,4,4,3,3,3,4,3,4,3,4,4,3,4,3,4,4,3,3,3,3,4,3,4,3,3,4,4,3,3,4,3,3,4,4,3,3,4,3,4,3,3,4,3,4,4,3,4,3,4,4,4,3,3,4,3,3,3,3,4,4,3,4,3,3,3,3,3,4,3,3,3,3,3,3,3,3,4,4,4,4,4,4,4,3,4,4,4,3,3,3,3,3,4,4,4,4,4,3,3,3,3,3,4,4,3,4,4,3,4,4,3,4,3,3
"solcap_snp_c2_43913",3,3,12,63.29923124999999,2,2,4,3,3,3,4,3,4,3,4,2,4,3,3,4,3,2,2,3,3,2,3,3,3,4,3,4,2,3,4,2,2,3,2,3,3,2,4,3,3,4,2,2,3,3,2,3,4,2,3,2,4,3,2,3,3,3,4,3,3,3,2,2,3,2,3,3,3,4,2,3,3,2,3,2,3,3,4,4,3,3,4,3,2,3,3,3,4,3,2,2,3,4,4,3,3,2,2,2,2,2,4,2,3,3,3,3,3,3,3,3,4,2,3,4,2,3,3,3,3,3,3,2,2,3,3,2,3,4,2,4,3,3,3,3,3,3,3,2,3,2,4,3,4,3,2,2,3,3,3,4,3,3,3
"solcap_snp_c2_43916",2,3,12,63.3043425,2,2,3,3,3,3,3,2,3,3,3,1,3,3,2,4,3,1,1,2,2,2,2,2,3,3,3,4,2,3,3,2,2,3,2,2,2,2,4,2,2,3,2,2,3,2,1,3,3,2,2,2,3,3,2,2,2,2,3,3,3,2,2,1,3,2,3,2,3,4,1,2,3,1,3,2,3,3,4,3,2,2,3,3,1,2,2,1,3,2,1,1,3,4,3,2,2,2,2,1,2,2,3,2,3,3,2,3,2,3,3,2,3,2,3,3,2,3,2,2,3,2,3,2,2,3,2,1,3,3,2,4,2,2,3,2,2,3,3,2,3,2,3,2,3,2,1,2,3,3,2,4,3,3,3
"PotVar0101568",1,3,12,63.424873749999996,1,1,2,1,2,2,3,2,3,2,3,2,3,2,3,2,2,2,2,2,2,1,2,3,2,3,2,2,1,1,3,1,1,1,1,3,3,1,2,2,2,3,1,1,1,2,2,1,3,1,2,1,3,2,1,3,3,2,3,2,2,3,1,2,2,1,2,2,2,2,2,2,1,2,2,1,2,2,2,3,2,2,3,2,2,2,2,2,3,2,2,2,1,2,2,2,2,1,1,2,2,1,3,1,2,1,2,2,2,1,2,2,2,1,2,3,1,2,2,3,2,2,2,2,1,2,3,2,2,3,1,2,2,2,2,3,3,2,2,1,1,1,3,2,3,2,2,1,1,2,3,2,2,2,2
"solcap_snp_c2_43899",2,1,12,63.49614499999999,2,3,2,2,1,2,0,1,0,2,1,2,1,1,1,1,1,2,2,2,2,2,1,1,1,1,2,1,3,2,1,3,2,2,3,1,1,3,1,1,2,1,3,2,2,1,2,2,1,2,2,3,1,2,2,1,1,1,1,1,1,1,2,2,1,2,2,2,1,1,2,1,2,2,1,2,1,2,1,1,1,1,1,1,2,2,2,2,1,2,2,2,2,1,2,1,1,2,2,2,2,2,1,2,1,2,1,1,2,2,1,1,1,3,1,0,3,2,2,1,2,2,2,2,2,2,1,2,1,0,2,1,1,2,2,1,1,2,2,2,2,2,0,2,1,1,2,3,2,2,1,1,2,1,1
"solcap_snp_c1_14870",1,3,12,63.62080374999999,2,1,2,2,3,2,3,2,3,2,2,1,3,3,2,3,3,1,1,1,1,2,2,2,3,2,3,3,2,2,2,2,2,3,2,2,2,2,3,3,1,2,1,2,2,2,1,2,2,2,1,1,2,2,2,2,2,2,3,3,3,2,2,1,3,2,2,1,2,3,1,2,2,1,2,2,3,2,3,2,2,2,2,3,1,1,2,1,3,1,1,1,2,3,1,2,2,2,2,2,2,2,2,2,3,2,2,3,1,2,3,2,3,2,3,3,1,2,1,2,2,1,2,2,2,2,2,1,3,3,2,3,2,1,2,2,2,2,2,2,2,2,3,1,2,2,1,1,2,2,2,3,2,3,3
"solcap_snp_c1_14869",1,3,12,63.62081875,2,1,2,2,3,2,3,2,3,2,2,1,3,3,2,3,3,1,1,1,1,2,2,2,3,2,3,3,1,2,2,1,2,2,1,2,2,1,3,2,1,2,1,2,2,2,1,2,2,2,1,1,2,2,2,2,2,2,3,3,3,2,2,1,3,2,2,1,2,3,1,2,2,1,2,2,3,2,3,2,2,2,2,3,1,1,2,1,3,1,1,1,2,3,1,2,2,2,2,2,2,2,2,2,3,2,2,3,1,2,3,2,3,2,3,3,1,2,1,2,2,1,2,1,2,2,2,1,3,3,2,3,2,1,2,2,2,2,2,2,2,2,3,1,2,2,1,1,2,2,2,3,2,3,3
"solcap_snp_c2_50522",3,1,12,63.627982499999995,2,3,3,2,1,2,1,2,1,2,2,3,2,1,2,1,1,3,3,3,3,2,2,2,1,2,2,1,3,2,2,3,2,2,3,2,2,3,1,1,3,2,3,2,2,2,3,2,2,2,3,3,2,2,2,2,2,2,1,1,1,2,2,3,1,2,2,3,2,1,3,2,2,3,2,2,1,2,1,2,2,2,2,1,3,3,2,3,1,3,3,3,2,1,3,2,2,2,2,2,2,2,2,2,1,2,2,1,3,2,1,2,1,3,2,1,3,2,3,2,2,3,2,3,2,2,2,3,1,1,2,1,2,3,2,2,2,2,2,2,2,2,1,3,2,2,3,3,2,2,2,1,2,1,1
"solcap_snp_c2_18846",3,4,12,63.864625,4,3,3,3,4,3,4,4,4,4,3,4,3,4,4,3,4,4,4,3,3,4,4,4,4,3,4,3,3,3,3,3,4,3,3,4,4,3,3,4,3,3,3,4,3,4,4,3,3,4,3,3,4,3,4,4,4,4,4,4,4,4,4,4,4,4,3,3,4,3,4,4,3,4,3,4,4,3,3,3,4,4,3,4,4,3,4,4,4,3,4,4,3,3,3,4,4,4,4,4,4,4,3,4,4,3,4,4,3,3,4,4,3,3,4,4,3,3,3,4,3,3,3,4,4,3,4,4,4,4,4,3,4,3,3,4,4,3,3,4,3,4,4,3,3,4,4,3,3,3,4,3,3,4,4
"solcap_snp_c2_18849",2,3,12,63.86600874999999,2,2,3,3,3,3,3,2,3,2,3,1,3,3,2,4,3,1,1,2,2,2,2,2,3,3,3,4,2,3,3,2,2,3,2,2,2,2,4,2,2,3,2,2,3,2,1,3,3,2,2,2,2,3,2,2,2,2,3,3,3,2,2,1,3,2,3,2,2,4,1,2,3,1,3,2,3,3,4,3,2,2,3,3,1,2,2,1,3,2,1,1,3,4,2,2,2,2,2,2,1,2,3,2,3,3,2,3,2,3,3,2,3,2,2,3,2,3,2,2,3,2,3,1,2,3,2,1,3,3,2,4,2,2,3,2,2,3,3,2,3,2,3,2,3,2,1,2,3,3,2,4,3,3,3
"solcap_snp_c2_18791",3,1,12,64.07305875,2,3,2,2,1,2,1,2,1,2,2,3,2,1,2,1,1,3,3,3,3,2,2,2,1,2,2,1,3,2,2,3,2,2,3,2,2,3,1,2,3,2,3,2,2,2,3,2,2,2,3,3,2,2,2,2,2,2,1,1,1,2,2,3,1,2,2,3,2,1,3,2,2,3,2,2,1,2,1,2,2,2,2,1,3,3,2,3,1,3,3,3,2,1,3,2,2,2,2,2,2,2,2,2,1,2,2,1,3,2,1,2,1,3,2,1,3,2,3,2,2,3,2,3,2,2,2,3,1,1,2,1,2,3,2,2,2,2,2,2,2,2,1,3,2,2,3,3,2,2,2,1,2,1,1
"solcap_snp_c2_18803",3,1,12,64.08925624999999,2,3,2,2,1,2,1,2,1,2,2,3,2,1,2,1,1,3,3,3,3,2,2,2,1,1,2,1,3,2,1,3,2,2,3,2,2,3,1,1,3,2,3,2,2,2,3,2,2,2,3,3,2,2,2,2,2,2,1,1,1,2,2,3,1,2,2,3,2,1,3,2,2,3,2,2,1,2,1,2,2,2,2,1,3,3,2,3,1,3,3,3,2,1,3,2,2,2,2,2,2,2,2,2,1,2,2,1,3,2,1,2,2,3,2,1,3,2,3,2,2,3,2,3,2,2,2,3,1,1,2,1,2,3,2,2,2,2,2,3,2,2,1,3,2,2,3,3,2,2,2,1,2,1,1
"solcap_snp_c2_18838",3,3,12,64.85654874999999,2,2,4,3,3,3,4,3,4,2,4,3,4,3,3,4,3,2,2,3,3,2,3,3,3,4,3,4,2,3,4,2,2,3,2,3,3,2,3,3,3,4,2,2,3,3,2,3,4,2,3,2,3,3,3,2,3,3,3,3,3,3,2,2,3,2,3,3,3,4,2,3,3,2,4,3,3,3,4,4,3,3,4,3,2,3,3,2,4,3,2,2,3,4,2,3,3,2,2,3,2,2,4,2,3,3,3,2,3,3,3,3,4,2,3,4,2,3,3,3,3,3,3,2,2,3,3,2,3,4,2,4,3,3,3,3,3,3,3,2,3,2,4,3,4,3,2,2,3,3,3,4,3,3,3
"solcap_snp_c2_18841",4,2,12,64.85759374999999,3,4,3,4,3,3,3,3,2,3,3,3,3,3,2,3,3,4,3,3,4,3,3,3,3,2,3,3,4,4,2,3,3,4,4,2,2,4,3,3,4,3,4,3,4,3,4,4,3,3,4,3,3,3,4,4,3,3,4,3,2,3,4,3,3,3,3,3,3,2,3,3,4,3,3,4,3,3,3,3,3,3,3,3,3,4,3,3,3,3,4,4,3,3,3,3,4,4,4,2,2,3,3,4,3,3,4,3,3,4,2,4,3,4,3,3,3,2,3,3,3,3,3,4,4,3,3,3,3,2,3,3,3,3,2,3,2,2,3,4,4,4,3,4,3,4,4,3,3,3,2,3,3,3,3
"solcap_snp_c2_18848",4,2,12,64.88519749999999,3,4,3,4,3,3,3,3,2,3,3,3,3,3,2,3,3,4,3,3,4,3,3,3,3,2,3,3,4,4,2,3,3,4,4,3,2,4,3,3,4,3,4,3,4,3,4,4,3,3,4,3,3,3,4,4,3,3,4,3,2,3,4,3,3,3,3,3,3,2,3,3,4,3,3,4,3,3,3,3,3,3,3,3,3,4,3,3,3,3,4,4,3,3,3,3,4,4,4,2,3,3,3,4,3,3,4,3,3,4,2,4,3,4,3,3,3,2,3,3,3,3,3,4,4,3,3,3,3,2,3,3,3,3,2,3,2,2,3,4,4,4,3,4,3,4,4,3,3,3,3,3,3,2,3
"solcap_snp_c2_18859",2,1,12,64.91851249999999,1,1,2,2,2,1,3,2,2,1,2,2,2,2,1,2,2,2,1,1,2,1,2,2,2,1,2,2,1,2,1,0,1,2,1,1,1,1,1,1,2,2,1,1,2,2,2,2,2,1,2,0,2,1,2,2,2,2,3,2,1,2,2,1,2,1,1,1,2,1,1,2,2,1,2,2,2,1,2,2,2,2,2,2,1,2,2,1,3,1,2,2,1,2,0,2,3,2,2,1,1,1,2,2,2,1,3,1,1,2,1,3,2,1,2,3,0,0,1,2,1,1,1,2,2,1,2,1,2,2,1,2,2,1,0,2,1,0,1,2,2,2,3,2,2,3,2,0,1,1,1,2,1,1,2
"solcap_snp_c2_52568",0,2,12,64.95393625,1,0,1,0,1,1,1,1,2,1,1,1,1,1,2,1,1,0,1,1,0,1,1,1,1,2,1,1,0,0,2,1,1,0,0,2,2,0,1,1,0,1,0,1,0,1,0,0,1,1,0,1,1,1,0,0,1,1,1,1,2,1,0,1,1,1,1,1,1,2,1,1,0,1,1,0,1,1,1,1,1,1,1,1,1,0,1,1,1,1,0,0,1,1,1,1,0,0,0,2,2,1,1,0,1,1,0,1,1,0,2,0,1,0,1,1,1,2,1,1,1,1,1,0,0,1,1,1,1,2,1,1,1,1,2,1,2,2,1,0,0,0,1,0,1,0,0,1,1,1,2,1,1,1,1
"solcap_snp_c2_52567",0,2,12,64.95394375,1,0,1,0,1,1,1,1,2,1,1,1,1,1,2,1,1,0,1,1,0,1,1,1,1,2,1,1,0,0,2,1,1,0,0,2,2,0,1,1,0,1,0,1,0,1,0,0,1,1,0,1,1,1,0,0,1,1,1,1,2,1,0,1,1,1,1,1,1,2,1,1,1,1,1,0,1,1,1,1,1,1,1,1,2,0,1,1,1,1,0,0,1,1,1,1,0,0,0,2,2,1,1,0,1,1,0,1,1,0,2,1,1,0,1,1,1,2,1,1,1,1,1,0,0,1,1,1,1,2,1,1,1,1,2,1,2,2,1,0,0,0,1,0,1,0,0,1,1,1,2,1,1,2,1
"solcap_snp_c2_42328",4,2,12,65.52351625,3,4,3,4,3,3,3,3,2,3,3,3,2,3,2,3,3,4,3,3,4,3,3,3,3,2,3,3,4,4,2,3,3,4,4,2,2,4,3,2,4,3,4,3,4,3,4,4,3,3,4,3,3,3,4,4,3,3,3,3,2,3,4,3,3,3,3,3,3,2,3,3,3,3,3,4,3,3,3,3,3,3,3,3,3,4,3,3,3,3,4,4,3,3,3,3,4,4,4,2,2,3,3,4,3,3,4,3,3,4,2,4,3,4,3,3,3,2,3,3,3,3,3,4,4,3,3,3,3,2,3,3,3,3,2,3,2,2,3,4,4,4,3,4,3,4,4,3,3,3,2,3,3,2,3
"solcap_snp_c2_42342",4,2,12,65.72585249999999,3,4,3,4,3,3,3,3,2,3,3,3,3,3,2,3,3,4,3,3,4,3,2,3,3,2,3,3,4,4,2,3,3,4,4,2,2,4,3,2,4,3,4,3,4,3,4,4,3,3,4,3,3,3,4,4,3,3,3,3,2,3,4,3,3,3,3,3,3,2,3,3,3,3,3,4,3,3,3,3,3,3,3,3,3,4,3,3,3,3,4,4,3,3,3,3,4,4,4,2,2,3,3,4,3,3,4,3,3,4,2,4,3,4,3,3,3,2,3,3,3,3,3,4,4,3,3,3,3,2,3,3,3,3,2,3,2,2,3,4,4,4,3,4,3,4,4,3,3,3,2,3,3,2,3
"PotVar0109266",0,2,12,65.94751375,1,0,1,0,1,1,1,1,2,1,1,1,1,1,2,1,1,0,1,1,0,1,2,1,1,2,1,1,0,0,2,1,1,0,0,2,2,0,1,1,0,1,0,1,0,1,0,0,1,1,0,1,1,1,0,0,1,1,0,1,2,1,0,1,1,1,1,1,1,2,1,1,0,1,1,0,1,1,1,1,1,1,1,1,1,0,1,1,1,1,0,0,1,1,1,1,0,0,0,2,2,1,1,0,1,1,0,1,1,0,2,0,1,0,1,1,1,2,1,1,1,1,1,0,0,1,1,1,1,2,1,1,1,1,2,1,2,2,1,0,0,0,1,0,1,0,0,1,1,1,2,1,1,2,1
"PotVar0109241",3,3,12,65.94985249999999,2,2,3,3,3,3,4,3,4,2,4,4,4,3,3,4,3,2,2,3,3,2,4,3,3,4,3,4,2,3,4,2,2,3,2,3,3,2,3,3,3,4,2,2,3,3,2,3,4,2,3,2,3,3,2,2,3,2,3,3,3,3,2,2,3,2,3,3,3,4,2,3,3,2,4,2,3,3,4,4,3,3,4,3,2,3,3,2,4,3,2,2,3,3,2,3,3,2,2,3,2,2,4,2,3,3,3,2,3,3,3,2,4,2,3,4,2,3,3,3,3,3,3,2,2,3,3,2,3,4,2,3,3,3,3,3,3,3,3,3,3,2,4,3,4,3,2,2,3,3,3,4,3,3,3
"solcap_snp_c2_57478",1,2,12,66.195455,1,1,2,0,1,1,1,2,3,1,2,2,2,2,3,1,1,1,2,2,1,1,3,2,1,3,1,1,0,0,3,1,1,0,0,3,3,0,2,2,1,2,0,1,0,2,1,0,2,1,1,1,2,1,0,1,2,1,1,1,2,2,0,2,1,2,1,3,2,1,3,2,1,2,2,1,1,1,1,2,2,2,2,1,2,1,2,2,2,2,1,1,1,1,1,2,1,0,0,3,3,1,2,1,1,1,1,1,2,0,2,1,1,1,2,2,1,2,2,2,1,2,1,1,0,1,2,2,1,3,1,1,2,1,2,2,3,2,1,1,0,1,2,1,2,1,1,1,1,1,3,1,1,2,1
"solcap_snp_c2_23337",4,2,12,66.29659875,3,4,3,4,3,3,3,3,2,3,3,3,3,3,2,3,3,4,3,3,4,3,2,3,3,2,4,3,4,4,2,3,3,4,4,2,3,4,3,3,4,3,4,3,4,3,4,4,3,3,4,3,3,3,4,4,3,3,4,3,2,3,4,3,3,3,3,3,3,3,3,3,4,3,3,4,3,3,3,3,3,3,3,3,3,4,3,3,3,3,4,4,3,3,3,3,4,4,4,2,3,3,3,3,3,3,4,3,3,4,3,4,3,4,3,3,3,2,3,3,3,3,3,4,4,3,3,3,3,2,3,3,3,3,2,3,2,2,3,4,4,4,3,4,3,4,4,3,3,3,3,3,3,2,3
"solcap_snp_c2_23308",2,3,12,66.48770875,3,2,2,2,4,3,3,2,3,3,2,2,1,3,3,2,4,2,2,1,1,3,3,3,4,2,3,2,2,2,1,2,3,1,2,3,3,2,3,2,1,2,2,3,2,2,2,2,2,3,1,2,3,3,3,2,3,3,2,3,4,3,3,2,4,3,3,1,2,2,2,2,2,2,2,3,4,2,2,2,2,2,2,4,2,1,2,2,2,1,2,2,2,4,2,2,2,3,3,3,2,3,2,4,4,2,2,3,1,2,4,3,3,2,3,2,2,3,1,3,3,1,3,2,3,3,3,2,4,3,3,2,2,2,3,3,3,3,3,2,2,3,3,1,2,2,2,2,2,3,3,3,3,4,4
"solcap_snp_c2_23284",2,2,12,66.63079499999999,3,3,1,3,3,2,2,2,1,3,1,2,1,2,1,1,3,3,2,1,2,3,1,2,3,0,3,2,3,3,0,2,3,3,3,1,1,3,2,1,2,1,3,3,3,2,3,2,1,3,2,2,2,2,4,3,2,3,3,3,2,2,4,2,3,3,2,1,2,2,2,2,3,2,1,3,3,2,2,1,2,2,2,3,2,2,2,2,2,1,3,3,2,3,2,2,3,4,4,1,2,2,1,3,3,2,3,3,2,3,2,3,2,3,2,2,2,1,1,2,2,1,2,3,4,2,2,2,3,1,3,2,2,2,1,2,1,1,2,3,3,3,2,2,1,3,3,2,2,2,1,2,2,2,3
"PotVar0110845",1,1,12,66.64206625,2,2,0,1,1,1,0,1,0,2,0,0,0,1,1,0,1,2,2,1,1,2,0,1,1,0,1,0,2,1,0,2,2,1,2,1,1,1,1,1,1,0,2,2,1,1,2,1,0,2,1,2,1,1,2,2,1,2,1,2,1,1,2,2,1,2,1,1,1,1,2,1,1,2,1,2,1,1,1,0,1,1,0,1,2,1,1,2,0,1,2,2,1,1,2,1,1,2,2,1,1,2,0,1,1,1,1,2,1,1,1,2,1,2,1,0,2,1,1,1,1,1,1,2,2,1,1,2,1,0,2,1,1,2,1,1,1,1,1,1,1,2,0,1,0,1,2,2,1,1,1,0,1,1,1
"PotVar0110864",0,1,12,66.64255999999999,0,0,1,0,1,1,1,1,1,0,0,0,1,1,1,0,0,0,1,0,0,0,1,0,1,1,0,0,0,0,1,1,1,0,0,1,1,0,1,1,0,0,0,0,0,0,0,0,0,1,0,0,1,0,0,0,1,1,0,0,1,1,0,0,0,1,1,0,1,0,1,1,1,1,0,0,1,0,1,1,0,1,0,1,1,0,1,0,0,1,0,0,1,1,1,0,0,0,0,2,1,0,1,1,1,0,0,0,0,0,1,0,1,0,1,0,1,1,0,1,1,0,0,0,0,1,0,1,0,1,1,0,0,0,1,0,1,1,1,0,0,0,0,0,0,0,0,1,1,1,0,1,1,1,0
"solcap_snp_c2_23256",1,3,12,67.24114999999999,3,2,2,3,2,1,2,2,2,3,2,3,1,1,1,2,2,2,1,2,2,3,2,2,2,1,3,3,2,3,1,1,2,3,2,1,1,2,1,2,2,3,2,3,3,3,1,2,1,2,2,2,1,2,3,2,1,2,3,3,2,1,3,2,3,2,1,2,2,3,1,2,3,1,2,3,2,2,2,1,3,2,3,2,1,2,2,2,3,1,2,2,2,2,1,3,3,3,3,0,2,2,1,2,2,3,3,3,2,3,2,2,2,2,2,3,1,1,2,1,1,2,2,2,3,1,2,0,3,2,2,3,3,2,1,2,1,1,1,3,3,3,3,2,2,3,2,1,2,1,2,2,1,2,3
"PotVar0107233",3,2,12,67.4873975,2,2,3,1,2,3,2,2,3,1,3,2,3,3,4,3,3,2,3,3,2,2,3,3,2,4,2,2,2,2,4,3,2,1,2,4,4,2,3,2,2,2,2,2,1,2,3,2,3,2,2,3,3,3,1,2,3,2,1,2,3,3,1,3,2,2,4,3,2,2,3,2,1,3,3,1,2,3,2,3,2,2,2,2,3,2,2,3,2,3,2,2,2,2,3,2,1,1,1,4,3,3,3,3,2,2,2,2,3,1,3,2,2,2,3,2,3,4,3,3,3,3,3,2,1,3,3,4,2,1,2,3,2,3,4,3,4,4,3,1,1,1,2,2,3,1,2,3,2,3,4,2,3,3,2
"PotVar0107140",1,1,12,67.48883749999999,0,1,1,0,0,1,1,2,1,0,1,1,2,2,2,1,1,1,2,1,1,0,2,1,1,2,0,0,0,0,2,1,1,0,0,2,2,0,2,2,1,1,0,0,0,0,2,1,2,1,1,0,2,0,0,1,1,1,1,0,1,2,0,1,0,1,1,1,1,0,2,2,0,2,1,0,1,0,1,2,1,2,1,2,1,1,1,1,1,2,1,1,1,1,1,1,1,0,0,3,2,1,2,1,1,0,1,0,1,0,1,0,1,0,1,1,1,1,1,2,1,1,0,1,0,1,1,3,0,1,1,1,1,0,2,1,2,1,1,1,0,0,1,1,1,1,1,1,1,1,1,1,1,1,0
"PotVar0107128",1,1,12,67.48903374999999,0,1,1,0,0,1,1,2,1,0,1,1,2,2,2,1,1,1,2,1,1,0,2,1,1,2,0,0,0,0,2,1,1,0,0,2,2,0,2,1,1,1,0,0,0,0,2,1,2,1,1,0,2,0,0,1,1,1,1,0,1,2,0,1,0,1,1,1,1,0,2,2,0,2,1,0,1,0,1,2,1,2,1,2,1,1,1,1,1,2,1,1,1,1,1,1,1,0,0,3,2,1,2,1,1,0,1,0,1,0,1,0,1,0,1,1,1,1,1,2,1,1,0,1,0,1,1,3,0,1,1,1,1,0,2,1,2,1,1,1,0,0,1,1,1,1,1,1,1,1,1,1,1,1,0
"solcap_snp_c1_11644",1,0,12,67.71685249999999,0,0,2,1,1,1,1,0,0,0,1,0,1,0,0,1,0,0,0,1,1,0,0,0,0,1,1,1,1,1,1,1,0,1,1,0,0,1,0,0,1,0,1,0,1,1,0,1,1,0,1,1,0,1,0,0,1,0,0,0,0,0,0,0,0,0,1,1,0,1,0,0,1,0,1,0,0,1,1,1,0,0,0,0,1,1,0,0,0,1,0,0,1,0,1,0,0,0,0,0,0,0,1,0,0,1,0,0,1,1,0,1,1,1,0,0,1,1,1,0,1,1,1,1,0,1,0,0,0,0,0,1,0,1,1,0,0,1,1,0,1,0,0,1,1,0,0,1,1,1,0,1,1,0,0
"solcap_snp_c2_39384",3,4,12,67.85501375,4,4,3,3,3,3,3,4,4,4,3,4,3,4,4,3,4,4,4,3,3,4,4,4,4,3,4,3,3,3,3,3,4,3,3,4,4,3,4,4,3,4,3,4,3,3,4,3,4,4,3,3,4,3,4,4,3,4,4,4,4,4,4,4,4,4,3,3,4,3,4,4,3,4,3,4,4,3,3,3,4,4,4,4,3,3,4,4,4,3,4,4,3,4,3,4,4,4,4,4,4,4,3,4,4,3,4,4,3,3,4,3,3,3,4,4,3,3,3,4,3,3,3,4,4,3,4,4,4,4,4,3,4,3,3,4,4,3,3,4,3,4,4,3,3,4,4,3,3,3,4,3,4,4,4
"solcap_snp_c2_50821",3,2,12,68.03298874999999,4,2,2,3,3,2,2,2,3,3,2,2,1,1,2,2,2,2,2,3,2,4,2,2,2,2,2,3,3,3,2,3,3,3,3,2,2,3,1,2,2,2,3,4,3,4,2,2,1,3,2,3,1,3,3,2,2,2,3,4,3,1,3,3,3,3,3,2,3,4,2,2,3,2,2,3,2,3,2,1,3,2,2,1,3,2,3,3,2,2,2,2,3,2,3,3,2,3,3,1,2,3,1,3,2,4,2,4,3,3,3,3,2,3,3,2,3,3,3,1,2,3,3,2,3,2,2,1,3,3,3,3,3,4,2,2,1,3,2,2,3,3,2,2,2,2,2,3,3,2,3,2,2,2,3
"solcap_snp_c2_48482",1,2,12,68.40988499999999,0,2,2,1,1,2,2,2,1,1,2,2,3,3,2,2,2,2,2,1,1,0,2,2,2,2,2,1,1,1,2,1,1,1,1,2,2,1,3,2,2,2,1,0,1,0,2,2,3,1,2,1,3,1,1,2,2,2,1,0,1,3,1,1,1,1,1,2,1,0,2,2,1,2,2,2,2,1,2,3,1,2,2,3,1,2,1,1,2,2,2,2,1,2,1,1,2,1,1,3,2,1,3,1,2,1,2,0,1,1,1,1,2,1,2,2,1,1,1,3,2,1,1,2,1,2,2,3,1,1,1,1,1,0,2,2,3,1,2,2,1,1,2,2,2,2,2,1,1,2,1,2,2,2,1
"solcap_snp_c2_48483",3,2,12,68.40996374999999,4,2,2,3,3,2,2,2,3,3,2,2,1,1,2,2,2,2,2,3,3,4,2,2,2,2,2,3,3,3,2,3,3,3,3,2,2,3,1,2,2,2,3,4,3,4,2,2,1,3,2,3,1,3,3,2,2,2,3,4,3,1,3,3,3,3,3,2,3,4,2,2,3,2,2,3,2,3,2,1,3,2,2,1,3,2,3,3,2,2,2,2,3,2,3,3,2,3,3,1,2,3,1,3,2,3,2,4,3,3,3,3,2,3,2,2,3,3,3,1,2,3,3,2,3,2,2,1,3,3,3,3,3,4,2,2,1,3,2,2,3,3,2,2,2,2,2,3,3,2,3,2,2,2,3
"solcap_snp_c2_48467",3,3,12,68.5682375,2,4,3,3,4,4,3,3,2,3,3,2,4,4,3,3,3,4,4,3,3,2,2,3,3,3,3,2,4,2,3,4,3,3,4,3,3,4,4,2,4,2,4,2,3,2,3,4,4,3,4,3,4,3,3,4,4,3,2,2,2,4,4,3,2,3,3,3,2,2,4,3,3,4,3,3,3,3,3,4,2,3,2,4,4,4,3,3,2,4,4,4,3,3,4,2,3,3,3,4,3,3,4,2,3,3,4,2,3,3,2,4,3,4,3,2,4,3,3,4,4,3,3,4,3,4,3,4,2,2,3,3,2,3,3,3,4,3,4,3,3,3,2,4,3,3,4,4,3,4,2,3,3,3,2
"solcap_snp_c2_32514",3,3,12,68.98132874999999,4,3,2,2,2,2,2,4,4,3,2,3,2,3,4,2,3,3,4,3,3,4,4,3,3,3,2,2,2,2,3,3,4,2,2,4,4,2,3,4,2,3,2,4,2,3,4,2,3,4,2,2,3,2,3,3,2,3,4,4,4,3,2,4,3,4,3,2,4,3,4,4,2,4,2,3,3,2,2,2,4,4,3,2,3,2,4,4,3,3,3,3,3,3,3,4,3,3,3,4,4,4,2,4,3,2,3,4,3,2,4,2,2,2,3,3,3,3,3,3,2,3,2,3,3,2,3,4,3,4,4,3,4,3,3,3,3,3,2,3,2,3,3,2,2,3,3,3,3,2,4,2,3,4,3
"PotVar0104563",2,1,12,68.98474875,1,2,1,0,1,2,1,2,2,1,1,1,3,3,3,1,2,2,3,1,1,1,2,2,2,2,1,0,1,0,2,2,2,0,1,3,3,1,3,2,1,1,1,1,0,0,2,1,3,2,1,1,2,1,1,2,2,2,1,1,2,3,1,2,1,2,2,1,1,0,3,2,1,3,1,1,2,1,1,1,1,2,1,2,2,1,2,2,1,2,2,2,1,2,2,1,1,1,1,4,3,2,2,2,2,0,2,1,1,1,2,1,1,1,2,1,2,2,1,3,2,1,1,2,1,2,2,4,1,1,2,1,1,1,2,2,3,2,2,1,0,1,1,1,1,1,2,2,1,2,2,1,2,3,1
"PotVar0104562",3,3,12,68.98482374999999,2,4,3,3,4,4,3,3,2,3,3,2,4,4,3,3,3,4,4,3,3,2,2,3,3,3,3,2,4,2,3,4,3,3,4,3,4,4,4,3,4,2,4,2,3,2,3,4,4,3,4,3,4,3,3,4,4,3,2,2,2,4,4,3,2,3,3,3,2,2,4,3,3,4,3,3,3,3,3,4,2,3,2,4,4,4,3,3,2,4,4,4,3,3,4,2,3,3,3,4,3,3,4,2,3,3,4,2,3,3,2,4,3,4,3,2,4,3,3,4,4,3,3,4,3,4,3,4,2,2,3,3,2,3,3,3,4,3,4,3,3,3,2,4,3,3,4,4,3,4,2,3,3,3,2
"solcap_snp_c2_32536",3,2,12,68.98519875,1,3,3,2,3,4,3,2,2,2,3,2,4,4,3,3,3,3,3,2,2,1,2,3,3,3,2,2,3,2,3,3,2,2,3,3,3,3,4,2,3,2,3,1,2,1,2,3,4,2,3,3,3,3,2,3,4,3,1,1,2,4,3,2,2,2,3,3,1,1,3,2,2,3,3,2,3,3,3,3,1,2,2,4,3,3,2,2,2,3,3,3,2,3,3,1,2,2,2,4,3,2,4,2,3,2,3,1,2,2,2,3,3,3,3,2,3,3,2,4,4,2,3,3,2,4,3,4,2,1,2,2,1,2,3,3,4,3,4,2,2,2,2,3,3,2,3,3,2,4,2,3,3,3,2
"PotVar0104542",3,2,12,68.98527999999999,1,3,3,2,3,4,3,2,2,2,3,2,4,4,3,3,3,3,3,2,2,1,2,3,3,3,2,2,3,2,3,3,2,2,3,3,3,3,4,2,3,2,3,1,2,1,2,3,4,2,3,3,3,3,2,3,4,3,1,1,2,4,3,2,2,2,3,3,1,1,3,2,2,3,3,2,3,3,3,3,2,2,2,4,3,3,2,2,2,3,3,3,2,3,3,1,2,2,2,4,3,2,4,2,3,2,3,1,2,2,2,3,3,3,3,2,3,3,2,4,4,2,3,3,2,4,3,4,2,1,2,2,1,2,3,3,4,3,4,2,2,2,2,3,3,2,3,3,2,4,2,3,3,3,2
"PotVar0104540",4,3,12,68.98532999999999,4,3,3,3,3,3,3,4,4,3,3,3,3,3,4,3,3,3,4,4,4,4,4,3,3,4,3,3,3,3,4,4,4,3,3,4,4,3,3,4,3,3,3,4,3,4,4,3,3,4,3,3,3,3,3,3,3,3,4,4,4,3,3,4,3,4,4,3,4,4,4,4,3,4,3,3,3,3,3,3,4,4,3,3,4,3,4,4,3,4,3,3,4,3,4,4,3,3,3,4,4,4,3,4,3,3,3,4,4,3,4,3,3,3,3,3,4,4,4,3,3,4,3,3,3,3,3,4,3,4,4,4,4,4,4,3,3,4,3,3,3,3,3,3,3,3,3,4,4,3,4,3,3,4,3
"solcap_snp_c2_32539",1,1,12,68.99044375,0,1,2,2,2,2,2,0,0,1,2,1,2,1,0,2,1,1,0,1,1,0,0,1,1,1,1,2,2,2,1,1,0,1,2,0,0,2,1,0,2,1,2,0,2,1,0,2,1,0,2,2,1,2,1,1,2,1,0,0,0,1,2,0,1,0,1,2,0,1,0,0,1,0,2,1,1,2,2,2,0,0,1,2,1,2,0,0,1,1,1,1,1,1,1,0,1,1,1,0,0,0,2,0,1,2,1,0,1,2,0,2,2,2,1,1,1,1,1,1,2,1,2,1,1,2,1,0,1,0,0,1,0,1,1,1,1,1,2,1,2,1,1,2,2,1,1,1,1,2,0,2,1,0,1
"solcap_snp_c2_32466",3,3,12,69.02113874999999,4,3,3,3,2,2,2,4,4,3,2,3,2,3,4,2,3,3,4,3,3,4,4,3,3,3,3,2,2,2,3,3,4,2,2,4,4,2,3,4,2,3,2,4,2,3,4,2,3,4,2,2,3,2,3,3,2,3,4,4,4,3,2,4,3,4,3,2,4,3,4,4,3,4,2,3,3,2,2,2,4,4,3,2,3,2,4,4,3,3,3,3,3,3,3,4,3,3,3,4,4,4,2,4,3,2,3,4,3,2,4,2,2,2,4,3,3,3,3,3,2,3,2,3,3,2,3,4,3,4,4,3,4,3,3,3,3,3,2,3,2,3,3,2,2,3,3,3,3,2,4,2,3,4,3
"solcap_snp_c2_32468",1,2,12,69.05933499999999,3,1,1,2,1,0,1,2,2,2,1,2,0,0,1,1,1,1,1,2,2,3,2,1,1,1,2,2,1,2,1,1,2,2,1,2,1,1,0,3,1,2,1,3,2,3,2,1,0,2,1,1,1,1,2,1,0,1,3,3,2,0,1,2,2,2,1,1,3,3,1,2,2,1,1,2,1,1,1,1,3,2,2,0,1,1,2,2,1,1,1,1,2,1,1,3,2,2,2,0,2,2,0,2,1,2,1,3,2,2,2,1,1,1,2,2,1,1,2,0,0,2,1,1,2,0,1,0,2,3,2,2,3,2,1,1,0,1,0,2,2,2,2,1,1,2,1,1,2,0,2,1,1,1,2
"solcap_snp_c2_32476",3,3,12,69.13004624999999,3,3,4,4,3,2,3,3,2,3,4,4,3,2,2,4,3,3,3,4,4,3,3,3,2,3,4,4,3,4,3,3,3,4,3,2,3,3,2,3,4,4,3,3,4,4,3,4,2,2,4,3,3,3,3,3,2,2,4,3,2,2,3,3,3,3,2,4,4,4,2,3,3,2,4,3,2,3,3,4,4,3,4,3,2,4,3,3,3,3,3,3,3,2,2,4,4,3,3,1,3,3,3,2,2,4,3,3,4,4,2,3,3,3,3,4,3,2,4,2,2,4,3,3,3,2,3,1,3,3,3,4,4,3,3,3,2,2,2,4,4,3,4,4,4,4,3,3,3,2,3,3,2,2,3
"solcap_snp_c2_32094",3,3,12,69.65199,3,3,3,2,2,3,3,3,4,3,3,4,3,4,4,3,4,3,3,2,2,3,4,4,4,3,3,3,2,3,3,2,3,2,2,4,3,2,4,3,2,4,2,3,2,2,3,2,4,3,2,4,3,3,3,3,3,4,3,3,4,4,2,3,4,3,3,3,3,2,3,3,2,3,3,3,4,3,3,2,3,3,4,3,2,2,3,3,4,2,3,3,2,4,2,3,3,3,3,4,3,3,3,4,4,2,3,3,2,2,4,2,3,2,3,3,2,3,2,4,3,3,3,3,3,3,4,4,4,3,3,2,3,2,3,4,4,3,3,3,2,3,4,2,3,3,3,2,3,3,4,3,4,4,4
"solcap_snp_c2_6390",2,0,12,70.0756375,1,1,1,1,2,2,1,0,1,1,1,0,1,1,1,1,1,1,1,1,1,1,0,1,1,1,1,1,2,1,1,2,1,1,1,1,1,1,1,0,1,0,2,1,1,1,0,1,1,1,1,1,1,2,1,1,2,1,0,1,1,1,2,1,1,1,2,1,0,1,1,1,1,1,1,1,1,2,1,1,0,0,0,1,2,1,1,1,0,1,1,1,1,1,2,0,0,1,1,1,1,1,1,1,1,1,1,1,1,1,1,2,1,1,1,0,2,2,1,1,2,0,2,1,1,2,1,1,1,0,1,1,0,2,1,1,1,2,2,0,1,1,0,1,1,0,1,2,1,2,1,1,1,1,1
"solcap_snp_c2_6391",2,4,12,70.08058249999999,3,3,3,3,2,2,3,4,3,3,3,4,3,3,3,3,3,3,3,3,3,3,4,3,3,3,4,3,2,3,3,2,3,3,2,3,3,2,3,4,3,4,2,3,3,3,4,3,3,3,3,3,3,2,3,3,2,3,4,3,3,3,2,3,3,3,2,3,4,3,3,3,3,3,3,3,3,2,3,3,4,4,4,3,2,3,3,3,4,3,3,3,3,3,2,4,4,3,3,3,3,3,3,3,3,3,3,3,3,3,3,2,3,2,3,4,2,2,3,3,2,4,2,3,3,2,3,3,3,4,3,3,4,2,3,3,3,2,2,4,3,3,4,3,3,4,3,2,3,2,3,3,3,3,3
"solcap_snp_c2_6396",3,1,12,70.08275375,3,2,2,2,2,2,2,1,3,2,2,2,1,1,2,2,2,1,1,2,2,3,2,2,2,2,2,3,2,3,2,2,2,2,2,2,1,2,1,1,1,2,2,3,2,3,1,1,1,2,1,3,1,3,2,1,2,2,2,3,3,1,2,2,3,2,3,2,2,3,2,2,2,2,2,2,2,3,2,1,1,1,2,1,2,1,2,2,1,1,1,1,2,2,2,2,1,2,3,1,2,2,1,3,2,2,2,3,2,2,3,2,2,2,2,2,2,3,2,1,2,1,3,2,2,2,2,1,3,2,2,2,2,3,2,2,1,3,2,1,2,2,2,1,2,1,1,2,3,2,3,2,2,2,3
"solcap_snp_c2_6402",2,1,12,70.0845775,2,1,2,1,0,0,1,2,2,1,2,3,1,1,2,2,2,1,1,2,2,2,3,2,1,2,2,2,0,2,2,0,1,1,0,2,1,0,1,2,1,3,0,2,1,2,2,1,1,1,1,2,1,1,1,1,0,1,3,2,2,1,0,2,2,1,1,2,3,2,2,1,1,2,2,1,1,1,1,1,2,2,3,1,0,1,1,2,2,1,1,1,1,1,0,3,2,1,2,1,2,2,1,2,1,1,2,2,2,1,2,1,1,1,2,3,0,1,2,1,0,2,1,1,1,0,2,1,2,2,1,2,3,1,2,2,1,1,0,2,1,1,3,1,2,2,1,0,2,0,3,1,1,2,2
"solcap_snp_c2_6454",0,1,12,70.58222624999999,0,1,2,1,1,1,1,0,0,1,1,1,1,1,0,1,1,2,0,0,0,0,0,2,1,0,1,1,1,1,0,0,0,1,1,0,0,1,1,0,1,1,1,0,1,0,0,0,1,0,1,1,1,1,1,2,1,1,0,0,0,1,1,0,1,0,0,1,0,0,0,0,1,0,1,1,1,1,1,1,1,0,1,1,0,1,0,0,0,0,1,2,0,1,0,0,1,1,0,0,0,0,1,0,1,1,0,0,1,1,0,1,1,1,0,0,0,0,0,2,1,0,1,1,1,1,1,0,1,0,0,0,0,0,0,2,1,0,1,1,1,0,2,2,2,1,2,0,0,1,0,1,1,0,1
"solcap_snp_c1_2351",1,1,12,70.59113375,0,2,2,1,1,1,1,1,0,1,2,2,2,2,1,2,2,2,1,1,1,0,1,2,1,1,2,1,1,1,1,0,0,1,1,1,1,1,2,1,2,2,1,0,1,0,1,1,2,0,2,1,2,1,1,2,1,1,1,0,1,2,1,1,1,0,0,2,1,0,1,0,1,1,2,1,1,1,1,2,2,1,2,2,0,2,1,1,1,1,2,3,0,1,0,1,2,1,0,1,1,1,2,0,1,1,1,0,1,1,0,1,1,1,1,1,0,0,1,2,1,1,1,2,1,1,2,1,1,0,0,1,1,0,1,2,2,0,1,2,1,1,2,2,2,2,2,0,0,1,1,1,1,1,1
"solcap_snp_c2_6478",2,4,12,70.69989874999999,3,3,3,3,2,3,3,4,3,2,3,4,3,3,3,3,3,3,3,3,3,3,4,3,3,3,3,3,2,3,3,2,3,3,2,3,3,2,3,4,3,4,2,3,3,3,4,3,3,3,3,3,3,2,3,3,2,3,3,2,4,3,2,3,3,3,2,3,4,3,3,3,3,3,3,3,3,3,3,3,4,4,4,3,2,3,3,3,4,3,3,4,3,3,2,4,4,3,3,3,3,3,3,3,3,3,3,3,3,3,3,2,3,2,3,4,2,2,3,3,2,4,2,3,2,2,3,3,3,4,3,3,4,2,3,3,3,2,2,4,3,3,4,4,3,4,3,2,3,2,3,3,3,3,3
"solcap_snp_c1_2356",2,0,12,70.70107374999999,1,1,1,1,2,1,1,0,1,2,1,0,1,1,1,1,1,1,1,1,1,1,0,1,1,1,1,1,2,1,1,2,1,1,1,1,1,1,1,0,1,0,2,1,1,1,0,1,1,1,1,1,1,1,1,1,2,1,1,2,0,1,1,1,1,1,2,1,0,1,1,1,1,1,1,1,1,2,1,1,0,0,0,1,2,1,1,1,0,1,1,0,1,1,2,0,0,1,1,1,1,1,1,1,1,1,1,1,1,1,1,2,1,1,1,0,2,2,1,1,2,0,2,1,2,2,1,1,1,0,1,1,0,2,1,1,1,2,2,0,1,1,0,0,1,0,1,2,1,2,1,1,1,1,1
"solcap_snp_c2_6487",1,4,12,70.714475,3,2,2,3,2,3,3,3,3,2,2,3,2,2,2,2,2,2,2,2,2,3,3,2,3,2,3,3,2,3,2,2,3,3,2,2,2,2,2,3,2,3,2,3,3,3,3,2,2,3,2,3,2,2,3,2,2,3,2,2,3,2,2,2,3,3,2,2,3,3,2,3,3,2,2,3,3,2,3,2,3,3,3,2,2,2,3,2,3,2,2,2,3,3,2,3,3,3,3,2,2,2,2,3,3,3,2,3,2,3,3,2,2,2,2,3,2,2,2,2,2,3,2,2,2,2,2,2,3,4,3,2,3,2,2,2,2,2,2,3,3,3,3,2,2,3,2,2,3,2,2,3,3,2,3
"solcap_snp_c2_6490",0,1,12,70.72179,0,1,1,1,1,1,1,0,0,1,1,1,1,1,0,1,1,1,0,0,0,0,0,1,1,0,1,1,1,1,0,0,0,1,1,0,0,1,1,0,1,1,1,0,1,0,0,0,1,0,1,1,1,1,1,1,1,1,0,0,0,1,1,0,1,0,0,1,0,0,0,0,1,0,1,1,1,1,1,1,1,0,1,1,0,1,0,0,0,0,1,1,0,1,0,0,1,1,0,0,0,0,1,0,1,1,0,0,0,1,0,1,1,1,0,0,0,0,0,1,1,0,1,1,1,1,1,0,1,0,0,0,0,0,0,1,1,0,1,1,1,0,1,1,1,1,1,0,0,1,0,1,1,0,1
"PotVar0018639",1,1,12,70.84593375,0,2,2,1,1,1,1,1,0,1,2,2,1,2,1,2,1,2,1,1,1,0,1,2,1,1,1,1,1,1,0,0,0,1,1,1,1,1,2,1,2,2,1,0,1,0,1,1,2,0,2,1,1,1,1,2,1,1,1,0,1,2,1,1,1,0,0,2,1,0,1,0,1,1,1,1,1,1,1,2,1,1,2,1,0,2,0,1,1,1,1,2,0,1,0,1,1,1,0,1,1,1,2,0,1,1,1,0,1,1,0,1,1,1,0,1,0,0,1,1,1,0,1,1,1,1,2,1,1,0,0,1,1,0,1,2,2,0,1,1,1,1,2,2,2,2,2,0,0,1,1,1,1,1,1
"PotVar0018629",2,3,12,70.84698625,3,3,3,3,2,2,3,3,2,2,3,4,2,2,2,3,3,3,2,3,3,3,3,3,3,0,4,3,3,3,3,2,2,3,3,2,2,1,2,3,3,4,2,3,3,3,3,2,2,2,3,3,3,2,3,3,1,2,3,2,3,2,2,3,3,2,2,3,4,3,3,3,3,3,3,3,3,2,3,3,4,3,4,2,1,3,3,2,3,2,3,4,2,2,1,4,4,3,3,0,2,3,2,3,3,3,3,3,3,3,3,2,2,2,3,4,2,1,3,2,1,3,2,3,2,1,3,0,3,3,3,3,4,2,2,3,2,2,2,3,3,3,4,4,3,4,3,2,3,1,3,2,2,2,3
"solcap_snp_c1_2331",3,3,12,71.09613875,2,3,3,2,3,3,3,2,2,3,4,3,4,4,4,4,4,3,3,3,3,2,3,4,2,4,2,3,3,3,4,3,2,3,3,4,3,4,4,2,3,3,3,2,2,1,2,3,4,1,3,3,3,4,2,3,4,3,2,2,3,4,3,3,3,1,3,4,2,2,3,2,2,3,3,2,3,4,3,3,2,3,3,4,3,3,2,4,2,4,3,3,2,3,3,2,2,2,1,4,3,3,4,3,3,2,3,2,3,2,3,3,3,3,3,2,3,4,3,4,4,2,4,3,3,4,4,4,3,1,2,3,2,3,4,4,4,4,4,2,2,2,3,3,3,2,3,3,3,4,4,3,3,4,3
"solcap_snp_c1_2333",0,1,12,71.09840874999999,0,1,1,1,1,1,1,0,0,1,1,1,2,2,0,1,2,2,0,0,0,0,0,1,1,0,1,1,1,1,0,0,0,1,1,0,0,1,1,0,2,2,1,0,1,0,0,0,2,0,1,1,1,1,1,2,1,1,0,0,0,2,1,0,1,0,0,2,0,0,0,0,1,0,1,1,1,1,1,1,1,2,1,2,0,1,0,0,0,2,1,2,0,1,0,0,1,1,0,0,0,0,2,0,1,1,0,0,0,1,0,1,1,1,0,0,0,0,0,1,1,0,1,1,1,1,1,0,1,0,0,0,0,0,0,2,2,0,1,0,1,0,1,2,1,1,1,0,0,1,0,1,1,0,1
"solcap_snp_c2_6371",3,3,12,71.17771624999999,2,3,3,2,3,3,3,2,2,3,4,3,4,4,4,4,4,3,3,3,3,2,3,4,2,4,2,3,3,3,4,3,2,3,3,4,3,4,4,2,3,3,3,2,2,2,2,3,4,2,3,3,3,4,2,3,4,3,2,3,3,4,3,3,3,2,3,4,2,2,3,2,2,3,3,2,3,4,3,3,2,3,3,4,3,3,2,4,2,4,3,3,2,3,3,2,2,2,2,4,3,3,4,3,3,2,3,2,3,2,3,3,3,3,3,2,3,4,3,4,4,2,4,3,3,4,4,4,3,1,2,3,2,4,4,4,4,4,4,2,2,2,3,3,3,2,3,3,3,4,4,3,3,4,3
"solcap_snp_c2_7902",1,2,12,71.41055874999999,1,3,2,2,2,1,1,2,1,2,2,2,2,2,1,2,2,3,2,2,2,1,1,2,2,1,2,2,2,1,1,1,1,2,2,1,2,1,2,1,3,2,2,1,2,1,2,2,2,1,3,1,3,1,2,3,1,1,2,1,1,2,2,2,1,1,1,2,2,1,2,1,2,2,2,2,1,1,1,3,2,2,2,2,1,3,1,1,2,2,3,4,1,1,1,2,3,2,1,1,2,2,2,0,1,2,2,1,2,2,1,2,1,2,1,2,1,0,2,2,1,2,1,2,2,1,2,1,1,1,1,2,2,0,1,2,2,0,1,2,2,1,2,4,2,3,3,1,0,1,1,1,1,1,1
"solcap_snp_c2_7919",0,0,12,71.59506999999999,0,0,0,0,0,0,0,0,0,0,0,0,0,0,0,0,0,0,0,0,0,0,0,0,0,0,0,0,0,0,0,0,0,0,0,0,0,0,0,0,0,0,0,0,0,0,0,0,0,0,0,0,0,0,0,0,0,0,0,0,0,0,0,0,0,0,0,0,0,0,0,0,0,0,0,0,0,0,0,0,0,0,0,0,0,0,0,0,0,0,0,0,0,0,0,0,0,0,0,0,0,0,0,0,0,0,0,0,0,0,0,0,0,0,0,0,0,0,0,0,0,0,0,0,0,0,0,0,0,0,0,0,0,0,0,0,0,0,0,0,0,0,0,0,0,0,0,0,0,0,0,0,0,0,0
"solcap_snp_c1_2727",4,3,12,71.83544624999999,3,3,4,3,3,4,4,3,3,3,4,4,4,4,4,4,4,3,3,3,3,3,4,4,3,4,3,3,3,4,4,3,4,3,3,4,3,4,4,3,3,4,3,3,3,3,3,3,4,3,3,4,3,4,3,3,4,4,3,3,4,4,4,3,4,3,3,4,3,3,3,3,3,3,4,3,3,4,4,3,3,4,4,4,3,3,3,4,3,4,3,3,3,4,3,3,3,3,3,4,3,3,4,4,4,3,3,3,3,3,4,3,4,3,3,3,3,4,4,4,4,3,4,3,3,4,4,4,4,3,3,3,3,4,3,4,4,4,4,3,3,3,4,3,4,3,3,3,4,4,4,4,3,4,4
"PotVar0018352",3,2,12,72.00275124999999,3,2,3,2,2,3,3,2,3,2,2,2,2,2,3,2,2,1,2,2,2,3,3,2,3,3,2,2,2,3,3,3,3,2,2,3,2,3,2,2,1,2,2,3,2,3,2,2,2,3,1,3,1,3,2,1,3,3,2,3,3,2,3,2,3,3,3,2,2,3,2,3,2,2,2,2,2,3,3,1,1,2,2,2,3,1,3,3,2,2,1,0,3,3,3,2,1,2,3,3,2,2,2,4,3,2,2,3,2,2,4,2,3,2,3,2,3,4,2,2,3,2,3,2,2,3,2,3,3,3,3,2,2,4,2,2,2,4,3,2,2,3,2,0,2,1,1,3,4,3,3,3,3,3,3
"PotVar0018281",1,1,12,72.44020124999999,0,2,2,1,1,1,1,1,0,1,2,2,1,2,1,2,1,1,1,1,1,0,1,2,0,1,1,1,1,1,1,0,1,1,1,1,1,1,2,1,2,1,1,0,1,0,1,1,1,0,2,1,1,1,1,1,1,1,1,0,1,1,1,1,1,0,0,1,1,0,1,0,1,1,1,1,1,1,1,2,1,1,1,1,0,2,1,1,1,1,2,3,0,1,0,1,1,1,0,1,1,1,2,0,1,1,1,0,1,1,0,1,1,1,1,1,0,0,2,2,1,1,2,1,1,1,2,1,1,0,0,1,1,0,1,2,2,0,1,1,1,1,2,2,2,2,2,0,0,1,1,1,0,1,1
"PotVar0018236",4,2,12,72.44104374999999,3,2,3,2,2,3,3,3,3,2,3,3,3,3,4,3,3,2,3,3,3,3,4,3,3,4,2,2,2,3,4,3,3,2,2,4,3,3,3,3,2,3,2,3,2,3,3,3,3,3,2,3,2,3,2,2,3,3,3,3,4,3,3,3,3,3,3,3,3,3,3,3,2,3,3,2,2,3,3,2,2,3,3,3,3,2,3,4,3,3,2,2,3,3,3,3,2,3,3,4,3,3,3,4,3,2,3,3,3,2,4,2,3,2,3,3,3,4,3,3,3,3,3,2,2,3,3,4,3,3,3,3,3,4,3,3,3,4,3,3,2,3,3,2,3,2,2,3,4,3,4,3,3,4,3
"solcap_snp_c2_50859",3,3,12,73.12532999999999,3,4,3,3,4,2,2,3,2,4,4,3,3,3,3,4,3,4,3,4,4,4,2,4,3,2,3,3,3,3,3,3,2,4,4,3,3,3,3,2,4,3,4,3,3,3,2,3,3,2,4,2,4,4,3,4,3,3,3,3,2,3,3,4,3,2,4,4,3,3,4,2,3,4,4,3,3,4,2,4,3,4,3,4,3,4,2,3,2,3,4,4,2,2,3,2,3,2,4,2,3,4,3,2,2,3,4,2,4,3,2,3,2,4,3,3,3,3,3,3,3,2,4,4,4,3,4,1,3,1,2,3,2,3,3,4,3,3,3,3,3,2,3,3,2,3,4,3,2,3,4,2,2,3,3
"PotVar0053483",1,1,12,73.72889875,0,2,2,1,1,1,1,2,0,1,2,2,2,2,1,2,2,2,0,1,1,0,1,2,0,1,1,1,1,1,1,0,1,1,1,1,1,1,2,1,2,2,1,0,1,0,1,1,2,0,2,1,1,1,1,2,1,1,1,0,1,2,1,1,0,0,0,2,1,0,1,0,1,1,2,1,1,1,1,2,2,2,3,1,0,2,1,1,1,2,2,3,0,1,0,1,2,1,0,1,1,1,2,0,1,1,1,0,1,1,0,1,1,1,1,1,0,0,2,2,1,1,2,1,1,1,2,1,1,0,0,1,1,0,1,2,2,0,0,1,0,1,2,2,2,2,2,0,0,1,1,1,0,1,1
"solcap_snp_c1_13698",3,2,12,73.72907375,3,3,2,2,3,1,1,2,2,3,3,2,2,2,3,3,2,3,3,4,4,4,2,3,3,2,2,2,2,2,3,3,1,3,3,3,3,2,2,3,3,2,3,3,2,3,2,3,2,2,3,1,4,3,2,3,2,1,3,3,2,2,2,4,2,2,4,3,3,3,4,2,2,4,3,2,2,3,1,3,2,3,1,4,3,3,2,3,2,2,3,3,2,1,3,2,2,1,4,2,3,4,2,2,1,2,4,2,3,2,2,3,1,3,3,3,3,3,2,2,2,2,3,3,3,2,3,1,2,1,2,3,2,3,3,3,2,3,3,3,3,2,2,3,1,2,3,3,2,2,4,1,2,3,2
"PotVar0053460",1,1,12,73.7294675,1,0,1,1,0,2,2,1,2,0,0,1,1,1,1,0,1,0,1,0,0,0,2,0,1,2,1,1,1,1,1,1,2,0,0,1,1,1,1,1,0,1,0,1,1,1,2,1,1,2,0,2,0,0,1,0,1,2,1,1,2,1,1,0,2,2,0,0,1,1,0,2,1,0,1,1,1,0,2,0,1,0,1,0,1,0,2,1,2,1,0,0,2,2,1,2,1,2,0,2,1,0,1,2,2,1,0,2,0,1,2,1,1,0,1,1,1,1,1,1,1,2,0,0,0,1,0,3,1,3,2,1,2,1,1,0,1,1,1,1,1,2,1,1,2,1,0,1,2,1,0,1,2,1,1
"PotVar0053453",2,2,12,73.72963625,3,2,2,2,3,1,1,1,2,3,2,1,1,1,2,2,1,2,3,3,3,4,1,2,3,1,1,2,2,2,2,3,1,3,3,2,2,2,1,2,2,1,3,3,2,3,1,2,1,2,2,1,3,3,2,2,2,1,2,3,1,1,2,3,2,2,4,2,2,3,3,2,2,3,2,2,2,3,1,2,1,2,0,3,3,2,2,2,1,1,2,1,2,1,3,1,1,1,4,1,2,3,1,2,1,2,3,2,3,2,2,3,1,3,3,2,3,3,1,1,2,1,2,2,3,2,2,0,2,1,2,2,1,3,2,2,1,3,3,2,3,2,1,1,0,1,2,3,2,2,3,1,2,2,2
"PotVar0053405",1,1,12,73.73018875,1,1,1,1,0,2,2,1,1,0,0,1,1,1,1,0,1,0,1,0,0,0,2,0,1,2,1,1,1,1,1,1,2,0,0,1,1,1,1,1,1,1,0,1,1,1,2,1,2,2,1,2,0,0,1,0,1,2,1,1,2,2,1,0,2,2,0,0,1,1,0,1,1,0,1,1,1,0,2,1,1,0,2,0,1,0,1,1,2,1,0,1,1,2,1,2,2,2,0,2,1,0,1,1,2,1,0,2,0,1,1,0,1,0,1,1,1,1,1,1,1,2,0,0,0,1,0,4,1,2,1,1,2,1,1,0,1,1,1,1,1,2,1,2,3,1,0,1,1,1,0,2,1,1,1
"PotVar0053378",2,3,12,73.73055749999999,3,3,2,3,4,2,2,2,2,4,3,2,3,2,2,3,3,3,3,3,3,4,1,3,3,1,3,3,3,3,3,3,2,4,4,2,2,3,2,2,3,2,4,3,3,3,1,2,2,2,3,2,3,4,3,3,3,2,2,3,1,2,3,3,2,2,4,3,2,3,3,2,3,3,3,3,3,4,2,3,2,3,2,3,3,3,2,2,1,2,3,2,2,2,3,1,2,2,4,1,3,3,2,3,2,3,3,2,3,3,2,4,3,4,3,2,3,3,2,2,3,1,3,4,4,3,3,0,3,1,2,2,1,3,2,3,2,3,3,2,3,2,2,1,1,2,3,3,2,3,3,2,2,2,3
"PotVar0053344",4,3,12,73.73163749999999,4,3,3,3,3,3,3,3,4,3,3,3,3,3,4,3,3,3,4,4,4,4,4,3,4,4,3,3,3,3,4,4,3,3,3,4,4,3,3,4,3,3,3,4,3,4,4,4,3,4,3,3,4,3,3,3,3,3,4,4,4,3,3,4,4,4,4,3,4,4,4,4,3,4,3,3,3,3,3,3,3,3,2,4,4,3,4,4,4,3,3,3,4,3,4,4,3,3,4,4,4,4,3,4,3,3,4,4,4,3,4,3,3,3,4,4,4,4,3,3,3,4,3,3,3,3,3,4,3,4,4,4,4,4,4,3,3,4,4,4,4,4,3,4,3,3,3,4,4,3,4,3,4,4,3
"PotVar0053309",2,1,12,73.73295624999999,1,1,1,1,0,2,2,2,2,0,1,2,2,2,2,1,2,1,1,1,1,0,3,1,1,3,2,1,1,1,2,1,2,0,0,2,2,1,2,2,1,2,0,1,1,1,3,2,2,2,1,2,1,0,1,1,1,2,2,1,3,2,1,1,2,2,0,1,2,1,1,2,1,1,1,1,1,0,2,1,2,1,2,1,1,1,2,2,3,2,1,2,2,2,1,3,2,2,0,3,1,1,2,2,2,1,1,2,1,1,2,0,2,0,1,2,1,1,2,2,1,3,1,0,0,1,1,4,1,3,2,2,3,1,2,1,2,1,1,2,1,2,2,3,3,2,1,1,2,1,1,2,2,2,1
"PotVar0053291",4,3,12,73.73310624999999,4,3,3,3,3,3,3,3,4,3,3,3,3,3,4,3,3,3,4,4,4,4,4,3,4,4,3,3,3,3,4,4,3,3,3,4,4,3,3,4,3,3,3,4,3,4,4,4,3,4,3,3,4,3,3,3,3,3,4,4,4,3,3,4,4,4,4,3,4,4,4,4,3,4,3,3,3,3,3,3,3,3,2,4,4,3,4,4,4,3,3,2,4,3,4,4,3,3,4,4,4,4,3,4,3,3,4,4,4,3,4,3,3,3,4,4,4,4,3,3,3,4,3,3,3,3,3,4,3,4,4,4,4,4,4,3,3,4,4,4,4,4,3,4,3,3,3,4,4,3,4,3,4,4,3
"solcap_snp_c2_46213",3,3,12,73.91189999999999,3,4,3,3,4,2,2,3,2,4,4,3,3,3,3,4,3,4,3,3,4,4,2,4,3,2,3,3,3,3,3,3,2,4,4,3,3,3,3,2,4,3,4,3,3,3,2,3,3,2,4,2,4,4,3,4,3,2,3,3,2,3,3,4,2,2,4,4,3,3,4,2,3,4,4,3,3,4,2,4,3,4,3,4,3,4,2,3,2,3,4,4,2,2,3,2,3,2,4,2,3,4,3,2,2,3,4,2,4,3,2,4,2,4,3,3,3,3,3,3,3,2,4,4,4,4,4,1,3,1,2,3,2,3,3,4,3,3,3,3,3,2,3,3,2,3,4,3,2,3,4,2,2,3,3
"PotVar0053168",1,1,12,74.01009875,1,0,1,1,0,2,2,1,2,0,0,1,2,1,1,0,2,0,1,1,0,0,3,0,1,3,1,1,1,1,1,1,2,0,0,2,1,1,1,2,0,1,0,1,1,1,3,1,2,2,0,2,0,0,1,0,1,2,1,1,3,1,1,0,2,2,0,0,2,1,0,2,1,0,0,1,1,0,2,0,1,0,1,0,1,0,2,1,3,1,0,0,2,2,1,3,1,2,0,3,1,0,1,2,2,1,0,2,0,1,2,1,2,0,1,1,1,1,1,1,1,3,0,0,0,0,0,4,1,3,2,1,3,1,1,0,1,1,1,1,1,2,1,2,3,1,0,1,2,1,1,2,2,1,1
"PotVar0053166",3,3,12,74.0102175,3,2,3,3,2,2,3,3,3,2,3,3,3,2,3,3,3,2,3,3,3,3,4,2,3,4,3,3,2,3,4,3,2,3,3,4,3,2,3,4,3,3,2,2,3,4,4,4,2,3,3,2,3,2,2,2,2,2,4,3,4,2,2,3,3,4,3,3,4,4,3,3,3,3,3,2,2,2,2,3,3,2,3,4,3,3,3,3,4,3,2,3,4,2,3,4,3,2,3,3,3,3,3,3,2,3,3,3,4,3,3,2,3,2,3,4,3,3,3,2,2,4,3,2,2,2,2,4,2,4,3,4,4,3,4,2,2,3,3,4,4,3,3,4,3,3,2,3,4,2,3,3,3,3,2
"PotVar0053145",3,2,12,74.01037749999999,2,3,2,2,2,4,3,3,3,2,2,3,3,4,3,2,4,3,2,3,2,1,3,3,2,3,3,2,3,2,2,2,4,1,2,3,3,3,3,2,2,3,2,3,2,1,3,2,4,3,2,4,2,2,3,3,3,4,2,2,3,4,3,2,3,2,1,2,2,1,2,3,2,2,2,3,3,2,4,2,3,3,4,1,2,2,3,3,3,3,3,3,2,4,2,3,3,4,1,4,3,2,3,3,4,2,2,3,1,2,3,2,3,2,3,2,2,2,3,4,3,3,2,2,2,2,3,4,3,3,3,2,3,2,2,3,4,2,2,2,1,3,3,3,4,3,3,2,2,3,3,3,3,3,3
"PotVar0053072",3,3,12,74.01163749999999,3,2,3,3,2,2,3,3,3,2,3,3,4,2,3,3,3,2,3,3,3,3,4,2,3,4,3,3,3,3,4,3,2,3,3,4,3,3,3,4,3,3,2,3,3,4,4,4,2,3,3,2,3,3,2,2,2,3,4,3,4,2,3,3,3,4,3,3,4,4,3,3,3,3,3,3,3,3,3,3,3,3,2,4,3,3,3,3,4,3,3,3,4,3,3,4,3,3,3,3,3,3,3,3,2,3,3,3,4,3,3,2,3,2,3,4,3,3,3,2,2,4,3,2,2,2,2,4,2,4,3,4,4,3,4,2,2,3,3,4,4,3,3,4,3,3,2,3,4,2,3,3,3,3,3
"PotVar0053054",3,3,12,74.01261,3,2,3,3,2,2,3,3,3,2,3,3,3,2,3,3,2,2,3,3,3,3,4,2,3,4,3,3,2,3,4,3,2,3,2,4,3,2,3,4,3,3,2,2,3,4,4,4,2,3,3,2,3,2,2,2,2,2,4,3,4,2,2,3,3,4,3,3,4,4,3,3,3,3,3,2,2,2,2,3,3,2,2,4,3,3,3,3,4,3,2,3,4,2,3,4,3,2,3,3,3,3,3,3,2,3,3,3,4,3,3,2,3,2,3,4,3,3,3,2,2,4,3,2,2,2,2,4,2,4,3,4,4,3,4,2,2,3,3,4,4,3,3,4,3,3,2,3,4,2,3,3,3,3,2
"PotVar0052807",3,3,12,74.1185725,3,2,3,3,2,2,3,3,3,2,3,3,3,2,3,3,2,2,3,3,3,3,4,3,3,4,3,3,2,3,4,3,2,3,2,4,3,2,3,4,3,3,2,2,3,4,4,4,2,3,3,2,3,2,2,2,2,2,4,3,4,2,2,3,3,4,3,3,4,4,3,3,3,3,3,2,2,2,2,3,3,2,2,4,3,3,3,3,4,3,2,3,4,2,3,4,3,2,3,3,3,3,3,3,2,3,3,3,4,3,3,2,3,2,3,4,3,2,3,2,2,4,3,2,2,2,2,4,2,4,3,4,4,3,4,2,2,3,3,4,4,3,3,4,3,3,2,3,4,2,3,3,3,3,2
"PotVar0052795",3,3,12,74.118775,3,4,3,3,4,2,2,3,2,4,4,3,3,3,3,4,3,4,3,3,4,4,2,4,3,2,3,3,3,3,3,3,2,4,4,3,3,3,3,3,4,3,4,3,3,3,2,3,3,2,4,2,4,4,3,4,3,2,3,3,2,3,3,4,2,2,4,4,3,3,4,2,3,4,4,3,3,4,2,4,3,4,3,4,3,4,2,3,2,3,4,4,2,2,3,2,3,2,4,2,3,4,3,2,2,3,4,2,4,3,2,4,2,4,3,3,3,3,3,3,3,2,4,4,4,4,4,1,3,1,2,3,2,3,3,4,3,3,3,3,3,2,3,3,2,3,4,3,2,3,3,2,2,3,3
"PotVar0052776",3,3,12,74.1190925,3,2,3,3,2,2,3,3,3,2,3,3,3,2,3,3,2,2,3,3,3,3,4,3,3,4,3,3,2,3,4,3,2,3,2,4,3,2,3,4,3,3,2,2,3,4,4,4,2,3,3,2,3,2,1,2,2,2,3,3,4,2,2,3,3,4,3,3,4,4,3,3,3,3,3,2,2,2,2,3,3,2,2,4,3,3,3,3,4,3,2,3,4,2,3,4,3,1,3,3,3,3,3,3,2,3,3,3,4,3,3,2,3,2,3,4,3,2,3,2,2,4,3,2,2,2,2,4,2,4,3,4,4,3,4,2,2,3,3,4,4,3,3,4,3,3,2,3,4,2,3,3,3,3,2
"PotVar0052767",3,2,12,74.11926874999999,2,3,2,2,2,4,3,3,3,2,2,3,3,4,3,2,4,3,2,3,2,1,3,2,2,3,3,2,3,2,2,2,4,1,2,3,3,3,3,2,2,3,2,3,2,1,3,2,4,3,2,4,2,2,3,3,3,4,2,2,3,4,3,2,3,2,1,2,2,1,2,3,2,2,2,3,3,2,4,2,3,3,4,1,2,2,3,3,3,3,3,3,2,4,2,3,3,4,1,4,3,2,3,3,4,2,2,3,1,2,3,2,3,2,2,2,2,3,3,4,3,3,2,2,2,2,3,4,3,3,3,2,3,2,2,3,4,2,2,2,1,3,3,3,4,3,3,2,2,3,3,3,3,3,3
"PotVar0052766",2,1,12,74.11934249999999,1,3,2,1,2,2,1,2,1,2,2,2,2,3,2,2,3,3,1,2,2,1,1,2,1,1,2,1,2,1,1,1,2,1,2,2,2,2,2,1,2,2,2,2,1,0,1,1,3,1,2,2,2,2,2,3,2,2,1,1,1,3,2,2,1,0,1,2,1,0,2,1,1,2,2,2,2,2,2,2,2,3,3,1,1,2,1,2,1,2,3,3,0,2,1,1,2,2,1,2,2,2,2,1,2,1,2,1,1,1,1,2,1,2,1,1,1,2,2,3,2,1,2,2,2,2,3,1,2,0,1,1,1,1,1,3,3,1,1,1,0,1,2,2,2,2,3,1,0,2,2,1,1,2,2
"solcap_snp_c2_5356",3,2,12,74.45774499999999,2,2,3,3,2,2,3,3,3,2,2,2,3,2,2,2,2,2,3,2,2,2,3,2,2,4,3,3,2,2,3,3,2,3,2,3,3,2,3,3,2,2,2,2,3,3,4,4,2,3,3,2,2,1,2,2,2,2,3,3,3,2,2,2,2,4,2,2,3,3,2,3,3,2,2,2,2,1,2,3,3,1,2,3,3,3,3,2,4,3,2,3,4,2,3,4,3,3,2,3,2,2,3,2,2,3,2,3,3,3,2,2,3,2,2,3,3,2,3,2,2,4,2,2,2,1,1,4,1,4,3,4,4,2,4,1,2,2,3,3,3,3,2,4,3,3,2,3,3,2,2,3,3,2,1
"PotVar0052698",2,2,12,74.60116375,2,4,2,1,2,2,1,2,1,2,3,3,3,3,3,3,3,3,1,3,3,2,2,3,2,1,2,1,2,2,2,1,2,1,2,3,2,2,2,2,3,3,2,2,1,1,1,1,3,1,2,2,3,3,2,3,2,2,2,1,2,3,2,3,2,0,2,3,2,1,3,1,1,4,3,2,2,3,2,2,2,4,3,2,1,2,1,3,1,2,3,3,0,2,1,1,2,1,2,2,3,3,2,2,2,1,3,1,2,1,2,2,1,2,3,2,1,2,2,3,2,1,3,2,2,3,4,1,3,0,1,2,2,2,2,4,3,2,1,2,1,1,3,3,2,2,3,1,1,2,3,1,1,3,3
"PotVar0052633",2,2,12,74.60261999999999,2,4,2,1,2,2,1,2,1,2,3,3,2,3,3,3,3,3,1,3,3,2,2,3,2,1,2,1,2,2,2,1,2,1,2,3,2,1,2,2,3,3,2,2,1,1,1,1,3,1,2,2,3,3,2,3,2,2,2,1,2,3,2,3,2,0,2,3,2,1,3,1,2,4,3,2,2,3,2,2,2,4,3,2,1,2,2,3,1,2,3,3,0,2,1,1,2,1,2,2,2,3,2,2,2,1,3,1,2,1,2,2,1,2,2,2,1,2,2,3,2,1,3,2,2,3,4,1,3,0,1,1,1,2,1,4,3,2,1,2,1,1,3,2,2,2,3,1,1,2,3,1,1,3,3
"PotVar0052628",2,2,12,74.60269874999999,2,0,2,3,2,2,3,2,3,2,1,1,1,1,1,1,1,1,3,1,1,2,2,1,2,2,2,3,2,2,1,3,2,3,2,1,2,2,2,2,1,1,2,2,3,3,2,2,1,3,2,2,1,1,2,1,2,2,2,3,2,1,2,1,2,4,2,1,2,3,1,3,2,0,1,2,2,1,2,2,2,0,1,2,3,2,2,1,2,2,1,1,4,2,3,2,2,3,2,2,1,1,2,2,2,3,1,3,2,3,2,2,3,2,2,2,3,2,2,1,2,3,1,2,2,1,0,3,1,4,3,3,3,2,3,0,1,2,3,2,3,3,1,2,2,2,1,3,3,2,1,3,3,1,1
"PotVar0052600",2,1,12,74.602955,1,3,1,1,2,2,1,2,1,2,2,2,2,3,2,2,3,3,1,2,2,1,1,2,1,1,2,1,2,1,1,1,2,1,2,1,2,2,2,1,2,2,2,2,1,0,1,1,3,1,2,2,2,2,2,3,2,2,1,1,1,3,2,2,1,0,1,2,1,0,2,1,2,3,2,2,2,2,2,2,2,3,3,1,1,2,1,2,1,2,3,3,0,2,1,1,2,1,1,2,1,2,2,1,2,1,2,1,1,1,1,2,1,2,1,1,1,2,2,3,2,1,2,2,2,2,2,1,2,0,1,1,1,1,1,2,3,1,1,1,0,1,2,2,2,2,3,1,0,2,1,1,1,1,2
"PotVar0052596",2,2,12,74.60302125,2,4,2,1,2,2,1,2,1,2,3,3,2,3,3,3,3,3,1,3,3,2,2,3,2,1,1,1,2,2,2,1,2,1,2,3,2,2,2,2,3,3,2,2,1,1,1,1,3,1,2,2,3,3,2,3,2,2,2,1,2,3,2,3,2,0,2,3,2,1,3,1,1,4,3,2,2,3,2,2,2,4,3,2,1,2,1,3,1,2,3,2,0,2,1,1,2,1,2,2,2,3,1,2,2,1,3,1,2,1,2,2,1,2,2,2,1,2,2,3,2,0,3,2,2,3,4,1,3,0,1,1,1,2,1,4,3,2,1,2,1,1,3,1,2,2,3,1,1,2,3,1,1,3,3
"solcap_snp_c1_1944",2,2,12,74.700555,2,4,2,1,2,2,1,2,1,2,3,3,3,3,3,3,3,3,1,3,3,2,2,3,2,1,2,1,3,2,2,1,2,1,2,3,2,2,2,2,3,3,2,2,1,1,1,1,3,1,2,2,3,3,2,3,2,2,2,1,2,3,2,3,2,0,2,3,2,1,3,1,1,4,3,2,2,3,2,2,2,4,3,2,1,2,1,3,1,2,3,3,0,3,1,1,2,1,2,2,2,3,2,2,2,1,3,1,2,1,2,2,1,2,3,2,1,1,2,3,2,1,3,2,2,3,4,1,3,0,1,1,1,2,1,4,3,2,1,2,1,1,3,2,2,2,3,1,1,2,3,1,1,3,3
"solcap_snp_c2_5333",2,2,12,74.71837124999999,2,0,2,3,2,2,3,2,3,2,1,1,2,1,1,1,1,1,3,1,1,2,2,1,2,3,2,3,2,2,2,3,2,3,2,1,2,2,2,2,1,1,2,2,3,3,3,2,1,3,2,2,1,1,2,1,2,2,2,3,2,1,2,1,2,4,2,1,2,3,1,3,3,0,1,2,2,1,2,2,2,0,1,2,3,2,3,1,2,2,1,1,4,1,3,3,2,3,2,2,1,1,2,2,2,3,1,3,2,3,2,2,3,2,2,2,3,3,2,1,2,3,1,2,2,1,0,3,1,4,3,3,3,2,3,0,1,2,3,2,3,3,1,2,2,2,1,3,3,2,1,3,3,1,1
"PotVar0052570",1,1,12,74.7416875,1,2,2,0,0,0,0,1,0,0,2,2,1,1,2,2,1,1,0,2,2,1,2,2,1,1,1,0,0,1,2,0,0,0,0,3,1,0,1,1,2,2,0,0,0,1,1,1,1,0,1,0,2,1,0,1,0,0,1,0,2,1,0,2,1,0,1,2,2,1,2,0,0,2,2,1,0,1,0,1,1,2,1,2,0,1,1,2,1,1,1,2,0,1,0,1,1,0,1,1,1,2,1,1,0,0,2,0,1,0,1,0,0,1,2,2,0,0,1,1,0,1,2,1,0,1,2,1,1,0,0,1,1,1,1,2,1,1,0,2,1,0,2,2,1,1,1,0,1,0,2,0,0,2,1
"PotVar0052484",1,2,12,74.74268124999999,2,3,2,1,2,2,1,1,1,2,2,2,1,2,2,2,2,2,1,2,2,2,1,2,2,0,1,1,2,2,1,1,2,1,2,1,1,2,1,1,2,2,2,2,1,1,0,0,2,1,1,2,2,3,2,2,2,2,1,1,1,2,2,2,2,0,2,2,1,1,2,1,1,3,2,2,2,3,2,1,1,3,2,1,1,1,1,2,0,1,2,1,0,2,1,0,1,1,2,1,2,2,1,2,2,1,2,1,1,1,2,2,1,2,2,1,1,1,1,2,2,0,2,2,2,3,3,0,3,0,1,0,0,2,0,3,2,2,1,1,1,1,2,0,1,1,2,1,1,2,2,1,1,2,3
"PotVar0052447",1,2,12,74.74338625,2,3,2,1,2,2,1,1,1,2,2,2,2,2,2,2,2,2,1,2,2,2,1,2,2,0,1,1,2,2,1,1,2,1,2,1,1,2,1,1,2,2,2,2,1,1,0,0,2,1,1,2,2,3,2,2,2,2,1,1,1,2,2,2,2,0,2,2,1,1,2,1,2,3,2,2,2,3,2,1,1,2,2,1,1,1,1,2,0,1,2,1,0,2,1,0,1,1,2,1,1,2,1,2,2,1,2,1,1,1,2,2,1,2,2,1,1,1,1,2,2,0,2,2,2,3,2,0,3,0,1,0,0,2,0,3,2,2,1,1,1,1,2,0,1,1,2,1,1,2,2,1,1,1,3
"solcap_snp_c1_1938",2,2,12,74.75192249999999,2,4,2,1,2,2,1,2,1,2,3,3,2,3,3,3,3,3,1,3,3,2,2,3,2,1,1,1,2,2,2,1,2,1,2,3,2,2,2,1,3,3,2,2,1,1,1,1,3,1,2,2,3,3,2,3,2,2,2,1,2,3,2,3,2,0,2,3,2,1,3,1,1,4,3,2,2,3,2,2,2,4,3,2,1,2,1,3,1,2,3,3,0,3,1,1,2,1,2,2,2,3,2,2,2,1,3,1,2,1,2,2,1,2,2,2,1,1,2,3,2,1,3,2,2,3,4,1,3,0,1,1,1,2,1,4,3,2,1,2,1,1,3,2,2,2,3,1,1,2,3,1,1,3,3
"solcap_snp_c1_1923",3,3,12,74.8375475,3,2,3,3,2,2,3,3,3,2,3,3,3,2,3,3,2,2,3,3,3,3,4,3,3,4,3,3,2,3,4,3,2,3,2,4,3,2,3,4,3,3,2,2,3,4,4,4,2,3,3,2,3,2,2,2,2,2,3,3,4,2,2,3,3,4,3,3,4,4,3,3,3,2,3,2,2,2,2,3,3,2,2,4,3,3,3,3,4,3,2,3,4,2,3,4,3,3,3,3,3,3,3,3,2,3,3,3,3,3,3,2,3,2,3,4,3,3,3,2,2,4,3,2,2,2,2,4,2,4,3,4,4,3,4,2,2,3,3,4,4,3,3,4,3,3,2,3,4,2,3,3,3,3,2
"solcap_snp_c2_5730",1,1,12,74.84512874999999,2,1,1,1,0,1,1,1,1,0,1,2,0,0,1,1,0,0,0,1,1,1,2,1,2,0,1,1,1,2,1,0,1,0,0,1,0,0,0,2,1,2,0,1,0,2,1,0,0,1,0,1,1,1,1,0,0,1,1,0,2,0,0,2,2,1,1,1,2,2,1,1,1,1,1,1,1,1,1,0,1,1,1,1,0,0,1,1,1,0,0,0,1,0,0,1,1,2,2,0,1,1,0,2,1,1,1,1,2,1,2,1,1,0,1,2,0,1,0,0,0,1,1,1,0,1,1,1,2,2,1,0,1,1,0,1,0,1,0,1,2,1,2,0,1,1,0,1,2,0,1,1,1,1,2
"PotVar0052374",1,1,12,74.94651375,2,1,1,1,0,1,1,1,1,0,1,2,0,0,1,1,0,0,0,1,1,1,2,1,2,0,1,1,1,2,1,0,1,0,0,1,0,0,0,1,1,2,0,1,0,2,1,0,0,1,0,1,1,1,1,0,0,1,1,0,2,0,0,2,2,1,1,1,2,2,1,1,1,1,1,1,1,1,1,0,1,1,1,1,0,0,1,0,1,0,0,0,1,0,0,1,1,2,2,0,1,1,0,2,1,1,1,1,2,1,2,0,1,0,1,2,0,1,0,0,0,1,1,0,0,1,1,1,2,2,1,0,1,1,0,1,0,1,0,1,2,1,2,0,1,1,0,1,2,0,1,1,1,1,2
"solcap_snp_c2_5713",3,2,12,74.9466825,3,4,3,2,2,3,2,3,2,2,3,4,2,3,3,3,3,3,1,3,3,2,3,3,3,1,2,2,3,3,1,1,3,1,2,2,2,2,1,2,3,4,2,3,1,2,1,1,3,2,2,3,3,3,3,3,2,3,2,1,3,3,2,4,3,1,2,3,3,2,3,2,2,4,3,3,3,3,3,2,3,4,4,2,1,2,2,3,2,2,3,3,1,3,1,1,3,3,3,2,2,3,2,3,3,2,3,2,3,2,3,2,2,2,3,3,1,2,2,3,2,1,3,2,2,3,4,2,4,2,2,0,1,2,0,4,3,2,1,1,2,2,4,1,3,3,3,2,2,2,3,2,2,3,4
"PotVar0052297",1,1,12,74.97415874999999,1,2,1,1,2,2,1,1,1,2,1,1,1,2,1,1,3,2,2,1,1,1,0,1,1,0,1,1,3,1,0,1,2,1,2,0,1,3,1,0,1,1,2,2,1,0,0,0,2,1,1,2,1,2,2,2,2,2,0,1,0,2,2,1,1,0,1,1,0,0,1,1,1,2,1,2,2,2,2,1,1,2,2,0,1,1,1,2,0,1,2,1,0,2,1,0,1,1,1,1,0,1,1,1,2,1,1,1,0,1,1,2,1,2,1,0,1,1,1,2,2,0,1,2,2,2,2,0,2,0,1,0,0,1,0,2,2,1,1,0,0,1,1,0,1,1,2,1,0,2,1,1,1,1,2
"PotVar0052280",3,3,12,74.97448874999999,2,3,3,3,4,3,3,3,3,4,3,2,4,4,3,3,4,4,4,3,3,3,2,3,2,4,3,3,3,2,3,4,3,4,4,3,4,4,4,2,3,2,4,3,4,2,3,4,4,3,4,3,3,3,3,4,4,3,3,4,2,4,4,2,2,3,3,3,2,2,3,3,3,3,3,3,3,3,3,4,3,3,3,3,4,4,3,4,3,4,4,4,3,4,4,3,3,3,3,4,3,3,4,2,3,3,3,3,2,3,2,4,3,4,3,2,4,3,4,4,4,3,3,4,4,3,3,3,2,2,3,4,3,3,4,3,4,3,4,3,2,3,2,4,3,3,4,3,2,4,3,3,3,3,3
"PotVar0052056",3,2,12,74.9767425,3,4,3,2,2,3,2,3,2,2,3,4,3,3,3,3,3,3,1,3,3,2,3,3,3,1,2,2,3,3,2,1,3,1,2,3,2,2,2,2,3,4,2,3,1,2,2,0,3,2,2,3,3,3,3,3,2,3,2,1,3,3,2,4,3,1,2,3,3,2,2,2,2,4,3,3,3,3,3,1,3,4,4,1,1,2,2,3,2,2,2,2,1,2,1,2,3,3,3,2,2,3,2,3,3,2,3,3,3,2,3,2,2,2,3,3,1,2,2,3,2,2,3,2,2,3,4,2,4,2,2,1,2,2,0,4,3,2,1,2,2,2,4,1,3,3,3,2,2,2,3,2,2,3,4
"solcap_snp_c2_5710",1,2,12,74.98256624999999,1,0,1,2,2,1,2,1,2,2,1,0,1,1,1,1,1,1,3,1,1,2,1,1,1,3,1,2,1,1,2,3,1,3,2,1,2,2,2,1,1,0,2,1,3,2,2,3,1,2,2,1,1,1,1,1,2,1,2,3,1,1,2,0,1,3,2,1,1,2,1,2,2,0,1,1,1,1,1,2,1,0,0,2,3,2,2,1,2,2,1,1,3,1,3,2,1,1,1,2,1,1,2,1,1,2,1,2,1,2,1,2,2,2,1,1,3,2,2,1,2,2,1,2,2,1,0,2,0,2,2,3,2,2,3,0,1,2,3,2,2,2,0,2,1,1,1,2,2,2,1,2,2,1,0
"solcap_snp_c1_2019",2,2,12,75.05497749999999,3,3,2,2,2,3,2,2,2,2,2,3,2,2,2,2,3,2,1,2,2,2,2,2,3,0,2,2,3,3,1,1,3,1,2,1,1,2,1,2,2,3,2,3,2,2,2,0,2,2,1,3,2,3,3,2,2,3,2,1,2,2,2,3,3,1,2,2,2,2,2,2,2,3,2,3,3,3,3,1,2,3,3,1,1,1,2,2,2,1,2,1,1,2,1,1,2,3,3,1,1,2,1,3,3,2,2,2,2,2,3,2,2,2,2,2,1,2,1,2,2,1,2,2,2,3,3,1,4,2,2,0,1,2,0,3,2,2,1,1,2,2,3,0,2,2,2,2,2,2,2,2,2,2,4
"solcap_snp_c1_2014",3,2,12,75.08432124999999,3,4,3,2,2,3,2,3,2,2,3,4,1,3,3,3,3,3,1,3,3,2,3,3,3,0,2,2,3,3,2,1,3,1,2,2,2,2,2,2,3,4,2,3,1,2,2,0,3,2,1,3,3,3,3,3,2,3,2,1,3,3,2,4,3,1,2,3,3,2,3,2,2,4,3,3,3,3,3,2,3,4,4,1,1,2,2,3,2,2,3,2,1,3,1,1,3,3,3,1,1,3,1,3,3,2,3,2,3,2,3,2,2,2,3,3,1,2,2,3,2,1,3,2,2,3,4,1,4,2,2,0,2,2,0,4,3,2,1,1,2,2,4,1,3,3,3,2,2,2,3,2,2,3,4
"solcap_snp_c1_2004",3,3,12,75.15835,3,2,3,3,2,2,3,3,3,2,3,3,1,2,3,3,2,3,3,3,3,3,4,3,3,4,3,3,2,3,4,3,2,3,2,3,3,3,3,4,3,3,3,3,3,4,4,4,2,3,3,2,3,3,3,2,3,3,4,3,4,2,2,3,3,4,3,3,4,4,3,3,3,2,3,2,3,3,3,3,3,2,2,4,3,3,3,2,4,3,2,3,4,2,3,3,3,3,3,4,4,3,3,3,2,3,3,3,4,3,3,2,3,2,3,3,3,3,3,2,2,4,3,2,2,2,2,4,3,4,3,4,4,3,4,2,2,3,3,4,4,3,3,4,3,3,2,3,4,2,3,3,3,3,3
"solcap_snp_c2_5652",2,2,12,75.16224749999999,1,1,2,2,2,1,2,2,2,2,2,1,3,2,2,2,2,2,3,2,2,2,2,2,1,4,2,2,1,1,3,3,1,3,2,3,3,2,3,2,2,1,2,1,3,2,3,4,1,2,2,1,2,1,1,2,2,1,2,3,2,1,2,1,1,3,2,2,2,2,2,2,2,1,1,1,1,1,1,3,1,1,1,3,3,3,2,1,3,3,2,2,3,2,3,3,1,1,1,3,3,2,3,1,1,2,1,2,2,2,1,2,2,2,1,2,3,2,3,2,2,3,2,2,2,1,1,3,0,2,2,4,3,2,4,1,2,2,3,3,2,2,1,4,2,2,2,2,2,2,2,2,2,2,0
"solcap_snp_c1_1985",2,1,12,75.38415124999999,1,2,1,0,1,2,1,1,2,1,1,1,1,3,3,1,2,2,2,3,2,1,2,1,1,2,1,0,1,0,1,2,2,0,1,3,3,2,2,1,1,1,1,1,0,0,1,2,3,2,1,2,2,0,1,2,2,1,1,2,2,3,2,2,2,1,1,1,1,0,2,2,0,2,1,1,1,1,2,1,1,2,1,1,2,1,2,2,2,2,2,2,1,2,2,3,1,1,1,3,2,2,2,2,2,0,2,2,1,0,2,1,1,1,2,1,2,1,2,3,2,2,1,1,1,0,2,3,1,1,2,2,2,2,2,2,3,2,1,2,0,2,1,3,2,1,2,2,1,2,3,1,2,3,1
"solcap_snp_c2_5463",2,3,12,75.941605,3,2,3,4,3,3,4,2,2,3,2,3,2,1,1,2,1,2,2,1,2,3,2,2,3,1,3,4,2,4,2,2,2,4,3,1,1,2,2,2,3,3,3,3,4,4,2,2,1,2,3,2,2,4,3,2,2,2,3,2,2,1,2,2,2,3,3,3,2,4,2,2,4,2,3,3,3,3,3,3,3,2,3,3,2,3,2,1,2,2,2,2,3,1,2,1,3,3,3,1,1,2,2,2,2,4,2,2,3,3,2,3,3,3,2,2,2,3,2,1,2,2,2,3,3,4,2,1,3,3,2,2,2,2,2,2,1,2,3,2,4,2,3,1,2,3,2,2,3,2,1,3,2,1,3
"solcap_snp_c2_5461",3,1,12,75.9433725,1,2,2,1,2,1,1,2,2,2,2,1,3,3,3,2,3,2,3,3,2,2,2,2,1,4,1,1,3,1,3,3,2,2,2,3,3,3,3,2,2,1,2,1,2,1,2,3,3,2,2,2,2,1,1,2,4,2,2,3,2,3,3,2,2,2,2,2,1,1,2,2,1,2,2,1,1,2,2,2,1,2,1,2,3,2,2,3,2,3,2,2,2,3,3,3,1,1,1,3,3,2,3,2,2,0,2,2,2,1,2,2,2,2,2,2,3,2,3,3,3,2,2,2,2,1,2,3,1,1,2,3,2,3,3,2,3,3,2,3,1,2,2,3,2,2,2,2,2,3,3,2,2,3,1
"solcap_snp_c2_5458",1,0,12,75.94366,1,2,0,0,1,1,0,0,1,1,0,0,0,1,1,0,1,2,1,1,1,1,0,0,1,0,0,0,1,0,0,1,1,0,1,0,1,1,0,0,1,0,1,1,0,0,0,0,1,1,0,1,1,0,1,2,1,1,0,1,0,2,1,2,1,0,1,0,0,0,1,1,0,2,0,1,1,1,1,0,0,2,0,0,1,0,1,1,0,0,1,0,0,1,1,1,0,0,1,0,0,2,0,1,1,0,2,1,0,0,1,1,0,1,1,0,1,0,0,2,1,0,0,1,1,0,2,0,1,0,1,0,0,1,0,2,1,1,1,0,0,1,0,0,0,0,2,1,0,1,1,0,1,1,1
"solcap_snp_c2_5440",2,1,12,76.35845124999999,1,2,1,0,1,1,0,1,2,1,1,1,2,3,3,1,3,2,2,3,2,1,3,1,1,3,1,0,2,0,2,2,2,0,1,3,3,2,2,1,1,1,1,1,0,0,2,2,3,2,1,2,2,0,1,2,3,2,1,2,2,3,2,2,2,1,1,1,1,0,2,2,0,2,1,1,1,1,2,1,1,1,1,1,2,1,2,3,2,2,2,2,1,3,2,3,1,1,1,3,2,2,2,2,2,0,2,2,1,0,2,1,1,1,2,1,2,1,2,3,2,2,1,1,1,0,2,3,1,1,2,2,2,2,2,2,3,2,1,2,0,2,1,3,2,1,2,2,1,1,3,1,2,3,1
